YEAR,STATE_NAME,AGE,INCOME_CLEAN,MIGRATED,RISK_SCORE,PREDICTED,RISK_CATEGORY
2019,North Carolina,24,19728.0,0,0.06430732080189554,1,High Risk
2018,Michigan,30,39240.0,0,0.012546056319801947,0,Low Risk
2019,California,47,0.0,0,0.007198921368544469,0,Low Risk
2018,Idaho,69,12696.0,0,0.01797226723770357,0,Low Risk
2018,Minnesota,70,10032.0,0,0.003962072353696514,0,Low Risk
2019,Missouri,31,491.0,0,0.029144884486017528,0,Medium Risk
2018,Alaska,40,241220.0,0,0.04065574623347324,0,Medium Risk
2018,Ohio,80,8546.0,0,0.003575021447540741,0,Low Risk
2019,Connecticut,20,14070.0,0,0.021473051203511753,0,Low Risk
2018,Nevada,71,4.0,0,0.017338194424927383,0,Low Risk
2019,Idaho,54,0.0,0,0.023430383817857923,0,Low Risk
2018,Florida,23,20000.0,0,0.024469793069698608,0,Low Risk
2019,Texas,67,25065.0,0,0.0042448420534862315,0,Low Risk
2018,Missouri,74,26317.0,0,0.004631872472910025,0,Low Risk
2019,Kentucky,57,10000.0,0,0.01257161077277282,0,Low Risk
2019,Arkansas,31,27000.0,0,0.01805297967443544,0,Low Risk
2018,New Mexico,77,65659.0,0,0.006464804486321605,0,Low Risk
2019,South Carolina,80,6077.0,0,0.0033339882608394893,0,Low Risk
2018,California,50,133120.0,0,0.006628856068029642,0,Low Risk
2019,Vermont,23,25000.0,0,0.10480537270774296,1,High Risk
2018,Arizona,66,125872.0,0,0.019890470350122712,0,Low Risk
2018,Nebraska,18,0.0,0,0.03746386779162223,0,Medium Risk
2019,New Jersey,38,91010.0,0,0.012680957853628296,0,Low Risk
2019,Washington,39,32000.0,0,0.015285778894178119,0,Low Risk
2019,Texas,32,45000.0,0,0.012734906964129957,0,Low Risk
2019,Nevada,32,0.0,0,0.06159066408594028,1,High Risk
2018,California,63,0.0,0,0.00630869026580003,0,Low Risk
2019,Mississippi,63,50000.0,0,0.010566044918550272,0,Low Risk
2018,Wyoming,56,30604.0,0,0.016102147832296396,0,Low Risk
2019,Virginia,64,0.0,0,0.011170364301814712,0,Low Risk
2019,North Carolina,60,17000.0,0,0.005399298695229004,0,Low Risk
2018,Maine,47,90000.0,0,0.008486180236985021,0,Low Risk
2018,Delaware,40,12063.0,0,0.023830224091188863,0,Low Risk
2019,California,50,98401.0,0,0.002620103605612083,0,Low Risk
2018,Wyoming,62,16332.0,0,0.013574747263879293,0,Low Risk
2018,Georgia,74,11964.0,0,0.004144638676132537,0,Low Risk
2019,Arizona,32,38500.0,0,0.015802073800424133,0,Low Risk
2018,Mississippi,30,36848.0,0,0.015794037314295458,0,Low Risk
2018,New Mexico,54,32000.0,0,0.011251903989486053,0,Low Risk
2019,Texas,64,101814.0,0,0.0050406377576884395,0,Low Risk
2019,Montana,54,28020.0,0,0.019557747667003317,0,Low Risk
2019,Georgia,31,38950.0,0,0.05278259937323196,0,Medium Risk
2018,Delaware,37,179.0,0,0.04209976298651466,0,Medium Risk
2019,New Mexico,56,77900.0,0,0.00987451034713055,0,Low Risk
2018,Texas,47,1503.0,0,0.025148621475425365,0,Low Risk
2018,Nebraska,35,60200.0,0,0.016951591091040507,0,Low Risk
2019,California,58,70959.0,0,0.005330218285888421,0,Low Risk
2018,Iowa,50,41006.0,0,0.005943726600539199,0,Low Risk
2019,North Carolina,75,0.0,0,0.007374028157608705,0,Low Risk
2019,Utah,55,20225.0,0,0.01422235946728265,0,Low Risk
2019,Washington,45,406120.0,0,0.010393574639884861,0,Low Risk
2018,Michigan,24,0.0,0,0.024976326559855107,0,Low Risk
2019,California,38,104520.0,0,0.008601289222569943,0,Low Risk
2018,Ohio,85,5881.0,0,0.003086278084044937,0,Low Risk
2019,South Dakota,62,105119.0,0,0.01456870299396782,0,Low Risk
2018,Indiana,19,0.0,0,0.009971139380332176,0,Low Risk
2019,Michigan,22,120000.0,0,0.035917971845056795,0,Medium Risk
2019,Michigan,18,31.0,0,0.008875182560906239,0,Low Risk
2018,Illinois,80,73958.0,0,0.003745970597088613,0,Low Risk
2019,Missouri,21,29000.0,0,0.02776288300544444,0,Low Risk
2019,Wisconsin,80,3932.0,0,0.004986212540613798,0,Low Risk
2019,Kentucky,38,55000.0,0,0.010747871034607748,0,Low Risk
2019,Colorado,23,12926.0,0,0.07600807901254579,1,High Risk
2019,Alaska,71,38219.0,0,0.011801347604420882,0,Low Risk
2019,New Jersey,53,20000.0,0,0.0034056546963826214,0,Low Risk
2019,Tennessee,62,70088.0,0,0.007967230722081818,0,Low Risk
2019,Nevada,25,61000.0,0,0.018742129601627855,0,Low Risk
2019,Michigan,41,115002.0,0,0.007552079032681549,0,Low Risk
2019,Wyoming,24,34000.0,0,0.09648253097008647,1,High Risk
2018,New Mexico,41,40032.0,0,0.006736985546469667,0,Low Risk
2019,Texas,32,0.0,0,0.013813704417083619,0,Low Risk
2019,Minnesota,25,14000.0,0,0.09433522162301694,1,High Risk
2018,North Carolina,68,18148.0,0,0.003329326051568955,0,Low Risk
2018,Pennsylvania,43,125026.0,0,0.014605205618717197,0,Low Risk
2018,Texas,34,14185.0,0,0.02251120050928405,0,Low Risk
2018,Missouri,52,138449.0,0,0.023841105670258777,0,Low Risk
2019,New Mexico,37,7700.0,0,0.028299726074177124,0,Medium Risk
2019,Arizona,56,87003.0,0,0.010924830988457807,0,Low Risk
2019,New Mexico,48,10000.0,0,0.016469697857194477,0,Low Risk
2018,Georgia,34,51113.0,0,0.03522347969131108,0,Medium Risk
2018,Wyoming,28,135067.0,0,0.04923396321250514,0,Medium Risk
2019,Texas,19,0.0,0,0.012538240854135031,0,Low Risk
2019,Oklahoma,29,0.0,0,0.028416107333679483,0,Medium Risk
2019,Arizona,18,3305.0,0,0.007669820422857795,0,Low Risk
2018,Ohio,32,38000.0,0,0.014181537297714457,0,Low Risk
2018,District of Columbia,48,80286.0,0,0.035176354591213474,0,Medium Risk
2018,Texas,67,9030.0,0,0.004020497382895015,0,Low Risk
2018,Alabama,62,1680.0,0,0.021860442873958854,0,Low Risk
2018,North Carolina,43,48010.0,0,0.01469486172701382,0,Low Risk
2018,Utah,48,149883.0,0,0.015722988948232135,0,Low Risk
2019,California,65,7154.0,0,0.014299062032220136,0,Low Risk
2019,Tennessee,75,9912.0,0,0.0047277514924519105,0,Low Risk
2019,Florida,55,26000.0,0,0.011736047728569298,0,Low Risk
2019,Maryland,53,292785.0,0,0.010646852410063981,0,Low Risk
2019,Rhode Island,54,72280.0,0,0.00697603468126445,0,Low Risk
2018,West Virginia,50,100064.0,0,0.021472671973394104,0,Low Risk
2018,New York,42,162.0,0,0.007498492382656651,0,Low Risk
2019,Tennessee,30,36315.0,0,0.024959446424324593,0,Low Risk
2019,Arizona,43,0.0,0,0.04349518804778259,0,Medium Risk
2018,Vermont,85,0.0,0,0.007894162566716139,0,Low Risk
2018,Alabama,51,45005.0,0,0.008103407951176369,0,Low Risk
2019,Michigan,80,73821.0,1,0.0017140116603070984,0,Low Risk
2018,South Dakota,36,20000.0,0,0.02011835692042859,0,Low Risk
2018,Vermont,47,80000.0,0,0.012734742555079264,0,Low Risk
2019,Wyoming,59,48601.0,0,0.0128509599425542,0,Low Risk
2019,New York,32,38000.0,0,0.01765289755331286,0,Low Risk
2019,Maine,65,12632.0,0,0.005496903551939975,0,Low Risk
2018,Nevada,23,19009.0,0,0.05012886494349438,0,Medium Risk
2019,New Jersey,28,70018.0,0,0.02050362656845418,0,Low Risk
2018,Arkansas,63,100017.0,0,0.012762732579697558,0,Low Risk
2019,Illinois,42,56503.0,0,0.008376388786617242,0,Low Risk
2019,Georgia,47,35000.0,0,0.008921430493242339,0,Low Risk
2018,Wyoming,34,48020.0,0,0.03291956018611423,0,Medium Risk
2019,Nevada,41,75000.0,0,0.012182792632940092,0,Low Risk
2018,Vermont,80,88206.0,0,0.00693753486906591,0,Low Risk
2018,Washington,32,0.0,0,0.031168986112933866,0,Medium Risk
2018,Minnesota,42,85552.0,0,0.008426944658753495,0,Low Risk
2018,California,39,46015.0,0,0.00978314421726996,0,Low Risk
2018,Missouri,20,2500.0,0,0.008017041139197534,0,Low Risk
2019,Kansas,34,110059.0,0,0.01754792356328093,0,Low Risk
2018,Tennessee,58,20000.0,0,0.012723659055961258,0,Low Risk
2018,Pennsylvania,40,126504.0,0,0.00835540858065005,0,Low Risk
2018,California,66,41032.0,0,0.004443749954804761,0,Low Risk
2018,New York,45,5816.0,0,0.010193219684176396,0,Low Risk
2019,Texas,38,27005.0,0,0.01126404858287664,0,Low Risk
2019,Louisiana,38,77000.0,0,0.016338304882663152,0,Low Risk
2019,Wisconsin,40,12100.0,0,0.010181162186028775,0,Low Risk
2018,Wyoming,36,15002.0,0,0.037950928214007196,0,Medium Risk
2018,Ohio,58,36012.0,0,0.0043587527433178895,0,Low Risk
2019,Arkansas,41,16002.0,0,0.017886291747614136,0,Low Risk
2019,Arizona,73,75550.0,0,0.019711439661745562,0,Low Risk
2019,Utah,25,26400.0,0,0.02365132552696937,0,Low Risk
2018,Hawaii,80,60699.0,0,0.012970976981956043,0,Low Risk
2018,Delaware,27,14400.0,0,0.02200453425511083,0,Low Risk
2019,New York,38,6629.0,0,0.00869836353336555,0,Low Risk
2018,Florida,68,38390.0,0,0.008890719201522186,0,Low Risk
2018,Arkansas,41,110005.0,0,0.021806366852147752,0,Low Risk
2019,Florida,67,7200.0,0,0.009556553780502842,0,Low Risk
2018,California,67,68008.0,0,0.0035303525514421533,0,Low Risk
2018,Oregon,66,72175.0,0,0.020273388264955335,0,Low Risk
2019,Illinois,38,85582.0,0,0.007162903559907138,0,Low Risk
2018,Oregon,37,29030.0,0,0.0249637656572924,0,Low Risk
2019,Texas,55,15000.0,0,0.010181001409791885,0,Low Risk
2018,Pennsylvania,38,43000.0,0,0.006466084086322578,0,Low Risk
2019,North Dakota,37,36120.0,0,0.015138631355843177,0,Low Risk
2018,Virginia,65,39456.0,0,0.006227793101334801,0,Low Risk
2018,West Virginia,19,20000.0,0,0.020929963298289944,0,Low Risk
2019,California,49,26924.0,0,0.004387117095737131,0,Low Risk
2019,Colorado,18,0.0,0,0.015688979850538357,0,Low Risk
2018,Arizona,77,14400.0,0,0.016876950138908036,0,Low Risk
2019,North Carolina,38,0.0,0,0.022725021404722174,0,Low Risk
2018,Pennsylvania,27,25001.0,0,0.015990305710106324,0,Low Risk
2019,Missouri,79,0.0,0,0.0035225398933297356,0,Low Risk
2018,Arkansas,20,0.0,0,0.027208704726186934,0,Low Risk
2018,Washington,63,31029.0,0,0.008029442882233926,0,Low Risk
2018,Rhode Island,38,170022.0,0,0.018770216072770306,0,Low Risk
2019,Arizona,70,40659.0,0,0.028696383152299967,0,Medium Risk
2019,Oklahoma,34,220261.0,0,0.02585819052650176,0,Low Risk
2018,Arizona,34,73510.0,0,0.035043432306512225,0,Medium Risk
2019,Delaware,54,13200.0,0,0.013665003858774762,0,Low Risk
2019,Arizona,26,0.0,0,0.011758471996460337,0,Low Risk
2018,Kansas,20,72006.0,0,0.026975990506986024,0,Low Risk
2018,California,33,53772.0,0,0.007270652469076763,0,Low Risk
2018,Alabama,52,24000.0,0,0.010963723822365355,0,Low Risk
2019,Utah,48,41000.0,0,0.014361848089735844,0,Low Risk
2018,Arkansas,57,10027.0,0,0.01924427734181419,0,Low Risk
2018,Pennsylvania,40,13003.0,0,0.011718698684966123,0,Low Risk
2018,California,59,33000.0,0,0.004864261822121323,0,Low Risk
2018,Washington,41,46010.0,0,0.016269363847503777,0,Low Risk
2018,New York,40,25175.0,0,0.008461951555196084,0,Low Risk
2018,Missouri,58,1154.0,0,0.010329453499470382,0,Low Risk
2018,South Dakota,79,40000.0,0,0.0035187696769418617,0,Low Risk
2018,New York,68,95210.0,0,0.003064320077724831,0,Low Risk
2018,California,55,25000.0,0,0.004505641808077709,0,Low Risk
2019,Kansas,31,64000.0,0,0.037749481776600875,0,Medium Risk
2019,Kentucky,28,25975.0,0,0.02601180874237284,0,Low Risk
2018,West Virginia,45,0.0,0,0.011393355891895112,0,Low Risk
2019,Iowa,28,44500.0,0,0.03318192446883403,0,Medium Risk
2018,Michigan,20,65000.0,0,0.019307606715038755,0,Low Risk
2019,California,44,15001.0,0,0.004424804686556612,0,Low Risk
2018,Massachusetts,31,32710.0,0,0.01351057286960943,0,Low Risk
2019,West Virginia,49,70300.0,0,0.007229538746526727,0,Low Risk
2018,Wyoming,51,62020.0,0,0.013657509324773179,0,Low Risk
2019,Texas,19,12000.0,0,0.01519994869296314,0,Low Risk
2018,Florida,44,9468.0,0,0.015062855514133784,0,Low Risk
2018,West Virginia,43,146264.0,0,0.045888840283578605,0,Medium Risk
2018,California,22,23001.0,0,0.012755023043145039,0,Low Risk
2018,Illinois,60,152075.0,0,0.008970504685634798,0,Low Risk
2018,Michigan,51,150.0,0,0.004503432107265362,0,Low Risk
2018,Texas,52,70020.0,0,0.009101511048927861,0,Low Risk
2019,California,30,7500.0,0,0.01098826887634782,0,Low Risk
2018,Georgia,23,0.0,0,0.0477822279979084,0,Medium Risk
2018,Florida,31,22000.0,0,0.02027399071433585,0,Low Risk
2019,Iowa,28,29420.0,0,0.03417137479271061,0,Medium Risk
2018,Delaware,54,100101.0,0,0.011279936055828051,0,Low Risk
2018,Nebraska,30,20050.0,0,0.04080488922550947,0,Medium Risk
2019,Missouri,65,18002.0,0,0.007149737784621402,0,Low Risk
2019,Arizona,23,23015.0,0,0.035743852257075624,0,Medium Risk
2018,Washington,74,13573.0,0,0.003622258486882119,0,Low Risk
2018,California,30,150548.0,0,0.029853869368259938,0,Medium Risk
2018,Pennsylvania,40,7850.0,0,0.01349441393285818,0,Low Risk
2018,New Jersey,76,54730.0,0,0.0021470742932830087,0,Low Risk
2019,Ohio,43,105002.0,0,0.010313411877373209,0,Low Risk
2018,Idaho,69,1572.0,0,0.007892663108593559,0,Low Risk
2018,Wyoming,22,70000.0,0,0.049185840539036074,0,Medium Risk
2018,Pennsylvania,28,56095.0,0,0.026059365414340088,0,Low Risk
2019,New Mexico,47,70725.0,0,0.011176880425923645,0,Low Risk
2019,New York,28,28001.0,0,0.028564664352899033,0,Medium Risk
2018,Utah,66,42105.0,0,0.012613344813179297,0,Low Risk
2018,New Jersey,19,38000.0,0,0.013734850528135157,0,Low Risk
2019,Florida,57,18000.0,0,0.0154361349907337,0,Low Risk
2018,Utah,43,151501.0,0,0.024139154703176065,0,Low Risk
2019,Idaho,20,0.0,0,0.04337118332277304,0,Medium Risk
2018,Georgia,25,17821.0,0,0.09618256092404989,1,High Risk
2019,California,53,39000.0,0,0.0032189986237397706,0,Low Risk
2019,New Hampshire,60,20982.0,0,0.00863434980772852,0,Low Risk
2019,Montana,25,15000.0,0,0.05868096391138889,1,High Risk
2018,Florida,20,2021.0,1,0.026389341597141177,0,Low Risk
2018,Minnesota,44,4104.0,0,0.010311949295606483,0,Low Risk
2018,Indiana,39,19161.0,0,0.010598210851353023,0,Low Risk
2019,Wisconsin,44,55000.0,0,0.00462057490203141,0,Low Risk
2018,North Carolina,64,42000.0,0,0.004361069555762724,0,Low Risk
2019,Utah,68,23736.0,0,0.01363492835120566,0,Low Risk
2019,Hawaii,72,22903.0,0,0.003548711978760038,0,Low Risk
2019,New York,85,18951.0,0,0.0068461913722487775,0,Low Risk
2018,Arizona,54,1800.0,0,0.02248895117784804,0,Low Risk
2018,Connecticut,85,13013.0,0,0.006471242328591631,0,Low Risk
2019,Wyoming,54,20030.0,0,0.018540647079637058,0,Low Risk
2018,South Dakota,57,35500.0,0,0.01228392401848435,0,Low Risk
2019,North Dakota,18,6000.0,0,0.045435064648937276,0,Medium Risk
2018,Idaho,32,12.0,0,0.03693855254543167,0,Medium Risk
2018,Alaska,36,49000.0,0,0.049741942917965555,0,Medium Risk
2018,West Virginia,26,40000.0,0,0.028294787023965654,0,Medium Risk
2019,Massachusetts,49,82045.0,0,0.0031991478168968157,0,Low Risk
2019,Alaska,85,8000.0,0,0.007377195051793131,0,Low Risk
2019,Florida,23,29000.0,0,0.02816384638361919,0,Medium Risk
2018,New York,79,8820.0,0,0.0020467441313990194,0,Low Risk
2019,Maryland,68,69579.0,0,0.005220290092058518,0,Low Risk
2018,California,36,85754.0,0,0.006923698066199992,0,Low Risk
2018,Michigan,28,88195.0,0,0.0229177218274136,0,Low Risk
2019,Nebraska,41,90430.0,0,0.030215195370325833,0,Medium Risk
2019,Washington,29,10160.0,0,0.07955827354112611,1,High Risk
2019,California,26,2.0,0,0.016727241763558765,0,Low Risk
2018,Texas,23,6000.0,0,0.02079656333262475,0,Low Risk
2018,Wisconsin,67,117530.0,0,0.004342224774492451,0,Low Risk
2018,North Carolina,25,20002.0,0,0.061503701332975,1,High Risk
2019,Massachusetts,36,30013.0,0,0.005675987773996004,0,Low Risk
2019,Alaska,20,35151.0,0,0.043162840692751926,0,Medium Risk
2019,Wisconsin,40,52000.0,0,0.005776504359204433,0,Low Risk
2018,Kentucky,50,54043.0,0,0.006976466804727644,0,Low Risk
2019,Arizona,80,13859.0,0,0.014378726873436533,0,Low Risk
2019,District of Columbia,75,333002.0,0,0.0059873611357954696,0,Low Risk
2018,Louisiana,79,24006.0,0,0.0085439790088019,0,Low Risk
2019,Minnesota,35,75750.0,0,0.012051234649346924,0,Low Risk
2018,Wyoming,24,40000.0,0,0.05965165138131795,1,High Risk
2019,Vermont,44,36206.0,0,0.011444572232954845,0,Low Risk
2018,New Hampshire,53,24012.0,0,0.009189156693693032,0,Low Risk
2019,Alabama,46,0.0,0,0.009182503648448316,0,Low Risk
2018,California,44,62150.0,0,0.006423484282549045,0,Low Risk
2019,Montana,34,35166.0,0,0.023457647242312765,0,Low Risk
2018,Texas,74,60541.0,0,0.0040941064552710285,0,Low Risk
2019,Kansas,29,70006.0,0,0.047445061691343084,0,Medium Risk
2019,District of Columbia,60,158011.0,0,0.022172535217377498,0,Low Risk
2018,South Carolina,41,55000.0,0,0.015400022079028207,0,Low Risk
2018,California,60,32826.0,0,0.004738228144684491,0,Low Risk
2018,North Carolina,56,80010.0,0,0.005685301754429362,0,Low Risk
2019,Texas,80,156399.0,0,0.002279688504589061,0,Low Risk
2019,Montana,25,58000.0,0,0.04956574468253697,0,Medium Risk
2019,Maryland,26,250278.0,0,0.042645403597936844,0,Medium Risk
2018,Vermont,60,34826.0,0,0.007440344578587037,0,Low Risk
2018,Mississippi,60,5200.0,0,0.012410989823428309,0,Low Risk
2019,West Virginia,57,70010.0,0,0.0068552117718423695,0,Low Risk
2018,West Virginia,57,18000.0,0,0.008395702551377011,0,Low Risk
2019,California,37,29400.0,0,0.012209282587670987,0,Low Risk
2018,Missouri,49,55646.0,0,0.009844087269253125,0,Low Risk
2018,Montana,23,5002.0,0,0.07254444919959682,1,High Risk
2018,Indiana,43,0.0,0,0.010273330711928227,0,Low Risk
2018,Louisiana,51,72000.0,0,0.009370459246741706,0,Low Risk
2018,North Dakota,36,100010.0,0,0.031177165394440497,0,Medium Risk
2019,Kentucky,74,17626.0,0,0.0047824347241343605,0,Low Risk
2018,Maine,36,16300.0,0,0.04130087584050866,0,Medium Risk
2018,Mississippi,53,89020.0,0,0.01658441168407782,0,Low Risk
2019,Kansas,53,113500.0,0,0.007005676612724523,0,Low Risk
2018,North Carolina,27,47000.0,0,0.03410179554081286,0,Medium Risk
2019,Wyoming,33,80175.0,0,0.047748908579373306,0,Medium Risk
2018,Texas,36,50006.0,0,0.02206866101770769,0,Low Risk
2019,Montana,43,10000.0,0,0.03199700050120626,0,Medium Risk
2019,Idaho,18,600.0,0,0.017939393953267876,0,Low Risk
2018,Montana,49,0.0,0,0.029746060241482273,0,Medium Risk
2018,Idaho,52,12765.0,0,0.021060034362611686,0,Low Risk
2018,California,19,0.0,0,0.012318963946679288,0,Low Risk
2018,New York,35,15600.0,0,0.007811787240017113,0,Low Risk
2018,California,49,79000.0,0,0.008577026321086154,0,Low Risk
2018,South Carolina,50,0.0,0,0.012224121740209665,0,Low Risk
2018,California,43,49766.0,0,0.01188528334265367,0,Low Risk
2019,Nebraska,20,0.0,0,0.045271355598799995,0,Medium Risk
2018,Nebraska,67,19300.0,0,0.008234405543917562,0,Low Risk
2018,New York,70,22859.0,0,0.002285817825540668,0,Low Risk
2018,Indiana,65,82900.0,0,0.012059439816534139,0,Low Risk
2019,Maine,74,53723.0,0,0.008364631105695044,0,Low Risk
2018,California,25,42650.0,0,0.01574310647300096,0,Low Risk
2018,California,85,21600.0,0,0.008823482908546815,0,Low Risk
2019,California,66,7859.0,0,0.004305941549423254,0,Low Risk
2019,North Carolina,24,10000.0,0,0.0379283104815568,0,Medium Risk
2019,Vermont,59,39301.0,0,0.008815175729400831,0,Low Risk
2019,Oregon,47,13019.0,0,0.02034515725315901,0,Low Risk
2019,Mississippi,26,75245.0,0,0.0679693372758578,1,High Risk
2018,Idaho,46,65001.0,0,0.012568299053982617,0,Low Risk
2018,New Jersey,32,67643.0,0,0.01362323812500596,0,Low Risk
2018,Maryland,54,53810.0,0,0.007159982939876663,0,Low Risk
2018,Alabama,37,0.0,0,0.010674901022073354,0,Low Risk
2019,Missouri,30,14000.0,0,0.019048701421709124,0,Low Risk
2018,New Jersey,60,1719.0,0,0.005335574567904114,0,Low Risk
2019,Georgia,40,160586.0,0,0.026082696685834766,0,Low Risk
2018,Georgia,71,708.0,0,0.003063107967902112,0,Low Risk
2019,Pennsylvania,27,24785.0,0,0.04718507641855205,0,Medium Risk
2018,Connecticut,85,13259.0,0,0.0050448894646792026,0,Low Risk
2019,New Jersey,21,9000.0,0,0.007877675835202226,0,Low Risk
2019,Florida,19,1800.0,0,0.023628972943009082,0,Low Risk
2019,Vermont,32,53000.0,0,0.017521674629189334,0,Low Risk
2018,Massachusetts,25,151833.0,0,0.023392880171296364,0,Low Risk
2018,Florida,33,86002.0,0,0.012255942949386285,0,Low Risk
2018,Maryland,59,16802.0,0,0.008739095165138558,0,Low Risk
2018,Florida,24,18320.0,0,0.02076871920170865,0,Low Risk
2018,Texas,23,40006.0,0,0.09581632310376241,1,High Risk
2018,Illinois,51,9400.0,0,0.006083860187634128,0,Low Risk
2018,Ohio,35,79105.0,0,0.010958385883750614,0,Low Risk
2019,Alaska,53,42150.0,0,0.010329970349270355,0,Low Risk
2019,Utah,67,15610.0,0,0.013226275531043646,0,Low Risk
2019,Pennsylvania,55,101000.0,0,0.004404635241192997,0,Low Risk
2019,Florida,60,60000.0,0,0.014807179543861418,0,Low Risk
2019,Arkansas,50,16000.0,0,0.018578044734128704,0,Low Risk
2018,Florida,46,20000.0,0,0.013703265970460352,0,Low Risk
2018,Tennessee,29,40.0,0,0.0693467151461294,1,High Risk
2018,Delaware,44,50136.0,0,0.01422541819608948,0,Low Risk
2018,West Virginia,62,19781.0,0,0.008427983811922408,0,Low Risk
2018,Tennessee,69,25330.0,0,0.0037530667151814334,0,Low Risk
2018,Mississippi,20,27000.0,0,0.01939837736520154,0,Low Risk
2018,Mississippi,59,24000.0,0,0.008742415818084421,0,Low Risk
2018,Ohio,32,45807.0,0,0.008804367074879867,0,Low Risk
2018,Ohio,52,60002.0,0,0.0031060922552340543,0,Low Risk
2018,California,59,3842.0,0,0.007111029624317432,0,Low Risk
2019,Utah,72,23874.0,0,0.011026666183110252,0,Low Risk
2019,Delaware,85,21357.0,0,0.00983190732631569,0,Low Risk
2018,Virginia,32,28703.0,0,0.02769837229021163,0,Low Risk
2019,Rhode Island,64,49955.0,0,0.005010494281268704,0,Low Risk
2018,Illinois,47,47008.0,0,0.005093240310160846,0,Low Risk
2019,Arkansas,80,45771.0,0,0.006921553584520359,0,Low Risk
2019,Oregon,33,28394.0,0,0.029302491609642628,0,Medium Risk
2019,California,32,24000.0,0,0.013728624107988505,0,Low Risk
2019,Colorado,45,47400.0,0,0.015213525953375455,0,Low Risk
2018,Minnesota,66,148014.0,0,0.009630795873578972,0,Low Risk
2019,Nevada,61,33300.0,0,0.01719765382929732,0,Low Risk
2019,Maryland,33,0.0,0,0.01604704268416995,0,Low Risk
2018,California,22,113000.0,0,0.038170066259872244,0,Medium Risk
2018,Louisiana,49,19949.0,0,0.009458664350221664,0,Low Risk
2019,Connecticut,35,81904.0,0,0.011832122595818796,0,Low Risk
2018,Arizona,70,29160.0,0,0.044412703166855125,0,Medium Risk
2019,Pennsylvania,53,110070.0,0,0.0058305415873821966,0,Low Risk
2019,New Jersey,28,31002.0,0,0.020314219219025657,0,Low Risk
2018,South Carolina,66,111484.0,0,0.007069483434094364,0,Low Risk
2018,Maine,63,1600.0,0,0.009698193731035667,0,Low Risk
2018,Texas,39,0.0,0,0.009675113960597599,0,Low Risk
2019,Florida,51,30000.0,0,0.010992683651169856,0,Low Risk
2018,Wisconsin,35,69020.0,0,0.010237485296423862,0,Low Risk
2019,New York,49,20000.0,0,0.0038100447441250427,0,Low Risk
2019,Rhode Island,61,60200.0,0,0.00617513294635678,0,Low Risk
2019,South Carolina,74,74100.0,0,0.003010568807818103,0,Low Risk
2019,Minnesota,27,40002.0,0,0.014832568588585034,0,Low Risk
2019,California,25,25481.0,0,0.048670061715804944,0,Medium Risk
2018,Massachusetts,43,8897.0,0,0.007702543581429208,0,Low Risk
2019,Texas,25,81101.0,0,0.10872201349393797,1,High Risk
2018,Illinois,35,67000.0,0,0.008284467121748252,0,Low Risk
2019,West Virginia,24,44501.0,0,0.03564441690821105,0,Medium Risk
2018,Arizona,42,44470.0,0,0.012467805870512962,0,Low Risk
2018,Arizona,47,76000.0,0,0.01289964751116608,0,Low Risk
2018,Louisiana,35,60001.0,1,0.019772598809404372,0,Low Risk
2019,South Dakota,85,145.0,0,0.004334354821304466,0,Low Risk
2018,Kansas,49,21000.0,0,0.009396778492211464,0,Low Risk
2018,Idaho,36,31026.0,0,0.02241759783697609,0,Low Risk
2018,Texas,50,45003.0,0,0.009986142252582281,0,Low Risk
2019,Pennsylvania,46,91177.0,0,0.006751505183294118,0,Low Risk
2019,Indiana,80,25319.0,0,0.0037685851255822712,0,Low Risk
2019,Ohio,39,0.0,0,0.019134333923408308,0,Low Risk
2018,Florida,43,71000.0,0,0.014831944567327974,0,Low Risk
2019,Colorado,22,20025.0,0,0.07937656007664164,1,High Risk
2018,Pennsylvania,54,35006.0,0,0.003953056770410877,0,Low Risk
2019,New York,61,6000.0,0,0.004680847197014402,0,Low Risk
2019,New Mexico,76,11699.0,0,0.00682795144948734,0,Low Risk
2019,North Carolina,47,8205.0,0,0.013933302026993078,0,Low Risk
2018,New York,51,36000.0,0,0.003073019416845045,0,Low Risk
2018,New Hampshire,58,27494.0,0,0.008352963295605177,0,Low Risk
2019,Arkansas,25,12000.0,0,0.017386768781725372,0,Low Risk
2018,New Jersey,46,129162.0,0,0.003366413284009149,0,Low Risk
2018,West Virginia,44,56156.0,0,0.014827080984645524,0,Low Risk
2018,Michigan,60,19536.0,0,0.0028934465862116105,0,Low Risk
2019,Colorado,85,32716.0,0,0.009631983852342176,0,Low Risk
2019,Indiana,37,57003.0,0,0.010717135460980028,0,Low Risk
2019,Illinois,52,136082.0,0,0.009574358084817559,0,Low Risk
2018,New Jersey,37,40150.0,0,0.007174112690451316,0,Low Risk
2019,Pennsylvania,64,41221.0,0,0.003895914801629407,0,Low Risk
2019,Wisconsin,20,10000.0,0,0.021859330875930467,0,Low Risk
2019,Texas,64,112005.0,0,0.00616431477637823,0,Low Risk
2019,Mississippi,54,0.0,0,0.009120440410567669,0,Low Risk
2019,Georgia,48,7788.0,0,0.020496792268957377,0,Low Risk
2019,South Carolina,45,32088.0,0,0.008602942226702567,0,Low Risk
2019,Utah,69,8400.0,0,0.012849340704763028,0,Low Risk
2019,West Virginia,50,51326.0,0,0.010839877633657586,0,Low Risk
2019,Texas,40,0.0,0,0.019135942948023565,0,Low Risk
2018,Utah,18,2002.0,0,0.01162818237400504,0,Low Risk
2018,Idaho,53,54000.0,0,0.01345588535116406,0,Low Risk
2019,Louisiana,26,26000.0,0,0.03589030977569908,0,Medium Risk
2019,Colorado,67,30059.0,0,0.011410281569114307,0,Low Risk
2018,Nebraska,28,35000.0,0,0.03846201216953233,0,Medium Risk
2018,Oregon,44,27491.0,1,0.01861303694740571,0,Low Risk
2018,Texas,39,42032.0,0,0.018771148739988502,0,Low Risk
2018,Indiana,39,31201.0,1,0.009631076815612833,0,Low Risk
2018,Alabama,62,155210.0,0,0.014012681443296949,0,Low Risk
2019,Virginia,54,0.0,0,0.011896240689204732,0,Low Risk
2018,Alaska,48,20105.0,0,0.015116213090412424,0,Low Risk
2019,Texas,51,23001.0,0,0.010522931353087645,0,Low Risk
2018,California,37,112029.0,0,0.009099257222113558,0,Low Risk
2018,Texas,29,0.0,0,0.02436393296492815,0,Low Risk
2019,Florida,51,27001.0,0,0.01478453688682401,0,Low Risk
2018,Virginia,26,38050.0,0,0.047414570216569266,0,Medium Risk
2019,Virginia,30,23502.0,0,0.04720875219270586,0,Medium Risk
2019,Hawaii,33,44000.0,0,0.018949441703980538,0,Low Risk
2018,Connecticut,53,78426.0,0,0.006434178449664273,0,Low Risk
2019,North Carolina,46,40001.0,0,0.004438103641029795,0,Low Risk
2018,Florida,30,0.0,0,0.020373879551989025,0,Low Risk
2018,Texas,21,8107.0,0,0.023566168338111145,0,Low Risk
2019,Michigan,49,73003.0,0,0.004199627383786227,0,Low Risk
2018,Mississippi,53,36000.0,0,0.01181598555229856,0,Low Risk
2019,Maine,62,50020.0,0,0.006958602118923793,0,Low Risk
2018,Kentucky,43,31140.0,0,0.00927846872481715,0,Low Risk
2018,Indiana,43,220519.0,0,0.013152930670140449,0,Low Risk
2019,Florida,51,21000.0,0,0.013116195932694755,0,Low Risk
2019,Indiana,31,1.0,0,0.018915490616815248,0,Low Risk
2018,Wyoming,33,88000.0,0,0.02695071284600637,0,Low Risk
2019,Oklahoma,31,28709.0,0,0.02135827868246219,0,Low Risk
2018,Idaho,85,19264.0,0,0.01796642190988368,0,Low Risk
2019,Massachusetts,42,15000.0,0,0.010955905471302298,0,Low Risk
2019,Texas,60,0.0,0,0.01155075868364022,0,Low Risk
2019,Colorado,47,57000.0,0,0.015751230842231703,0,Low Risk
2018,Michigan,18,13000.0,1,0.0077008598902116015,0,Low Risk
2019,North Dakota,46,5000.0,0,0.03336052505977058,0,Medium Risk
2019,California,69,401250.0,0,0.0034050318016090107,0,Low Risk
2019,Rhode Island,30,40000.0,0,0.02348464268639594,0,Low Risk
2019,North Dakota,37,40000.0,0,0.0173419505938964,0,Low Risk
2019,California,67,71260.0,0,0.004463768881084135,0,Low Risk
2018,Washington,69,52317.0,0,0.003993563572163115,0,Low Risk
2018,Louisiana,80,54468.0,0,0.005878646743317188,0,Low Risk
2018,Nevada,78,19452.0,0,0.019478257040710302,0,Low Risk
2019,Oklahoma,47,89202.0,0,0.014309078067016182,0,Low Risk
2018,Texas,34,4800.0,0,0.019078846732802544,0,Low Risk
2018,Connecticut,59,65000.0,0,0.006920391426370922,0,Low Risk
2019,Pennsylvania,78,8339.0,0,0.0032457675899312975,0,Low Risk
2019,Rhode Island,35,200520.0,0,0.056941263169570495,1,High Risk
2019,California,44,131001.0,0,0.00685921877925449,0,Low Risk
2019,Tennessee,67,85000.0,0,0.0040513587817745614,0,Low Risk
2019,Texas,23,20801.0,0,0.0219789348077157,0,Low Risk
2018,California,41,15000.0,1,0.007730846912888998,0,Low Risk
2019,West Virginia,42,50000.0,0,0.011758787378817723,0,Low Risk
2019,Maryland,63,153205.0,0,0.009910293414395607,0,Low Risk
2018,Massachusetts,30,5200.0,0,0.011486753472931125,0,Low Risk
2018,Kansas,21,100.0,0,0.047346145531900745,0,Medium Risk
2019,California,30,0.0,0,0.011148651178374424,0,Low Risk
2019,Kentucky,47,38000.0,0,0.007057464867342873,0,Low Risk
2019,New York,71,5040.0,0,0.0022120610543215923,0,Low Risk
2019,Hawaii,68,76460.0,0,0.00376516704887394,0,Low Risk
2019,Nebraska,28,47125.0,0,0.04343884330504686,0,Medium Risk
2019,New Jersey,60,151345.0,0,0.003956440095608534,0,Low Risk
2019,Rhode Island,32,71160.0,0,0.033305672980497594,0,Medium Risk
2019,California,52,5.0,0,0.007873702286463665,0,Low Risk
2018,Texas,21,12000.0,0,0.02398908270279743,0,Low Risk
2019,Arkansas,26,26501.0,0,0.024401700425372715,0,Low Risk
2019,Hawaii,67,3635.0,0,0.0036827232535453077,0,Low Risk
2019,New York,85,59011.0,0,0.002248221189907518,0,Low Risk
2018,Michigan,21,33000.0,0,0.01291876311309101,0,Low Risk
2018,Illinois,22,26000.0,0,0.014824619658974334,0,Low Risk
2018,Idaho,61,34000.0,0,0.01495538154059952,0,Low Risk
2018,Florida,47,25040.0,0,0.015372231388912985,0,Low Risk
2018,Texas,75,89067.0,0,0.0038719175852993965,0,Low Risk
2019,Washington,32,52001.0,0,0.027242807701738647,0,Low Risk
2019,New Jersey,30,415006.0,0,0.015444518877791033,0,Low Risk
2019,Tennessee,23,26000.0,0,0.03569951977443441,0,Medium Risk
2018,Texas,71,80278.0,0,0.004195096018932246,0,Low Risk
2018,California,66,5396.0,0,0.005988541382182342,0,Low Risk
2019,California,62,26500.0,0,0.004473888469030741,0,Low Risk
2019,North Dakota,27,136602.0,0,0.04539364354320766,0,Medium Risk
2018,Florida,49,28000.0,0,0.010710522477734536,0,Low Risk
2018,Oklahoma,40,55000.0,0,0.018673279131995006,0,Low Risk
2018,Texas,60,0.0,0,0.023399229827062287,0,Low Risk
2018,California,33,45030.0,0,0.020467604260698345,0,Low Risk
2018,Iowa,23,38000.0,0,0.029043697989270274,0,Medium Risk
2019,Hawaii,42,0.0,0,0.009318277791394249,0,Low Risk
2019,District of Columbia,62,175678.0,0,0.02598583045635984,0,Low Risk
2019,Montana,42,33002.0,0,0.030495310021822795,0,Medium Risk
2018,Texas,47,80050.0,0,0.013150444432968209,0,Low Risk
2019,Wisconsin,47,36400.0,0,0.005282873741846786,0,Low Risk
2019,Hawaii,61,32000.0,0,0.005022104428008903,0,Low Risk
2019,Louisiana,56,114001.0,0,0.007095893383438188,0,Low Risk
2019,District of Columbia,33,75050.0,0,0.08705927608217945,1,High Risk
2018,California,18,0.0,0,0.006514713606090336,0,Low Risk
2018,District of Columbia,27,95000.0,1,0.10263263271985333,1,High Risk
2018,Utah,18,0.0,0,0.01856593236673523,0,Low Risk
2019,Wyoming,37,0.0,0,0.057388815226038975,1,High Risk
2019,Louisiana,52,30000.0,0,0.006932029562715641,0,Low Risk
2018,Georgia,18,0.0,0,0.017705128922040292,0,Low Risk
2019,Colorado,31,14000.0,0,0.025238214782025144,0,Low Risk
2019,Michigan,47,130001.0,0,0.012055200815779245,0,Low Risk
2018,Alaska,60,52000.0,0,0.010030453388748254,0,Low Risk
2018,Texas,29,7800.0,0,0.02392856333304197,0,Low Risk
2018,Kansas,74,58998.0,0,0.004158169038739504,0,Low Risk
2018,Texas,52,43720.0,0,0.007992298695489234,0,Low Risk
2018,South Carolina,26,26520.0,0,0.023752854778093493,0,Low Risk
2018,Illinois,59,88000.0,0,0.0053840182566459085,0,Low Risk
2018,New York,26,14000.0,0,0.012142500699586273,0,Low Risk
2018,Texas,54,75080.0,0,0.009271778248204233,0,Low Risk
2019,Kentucky,33,116501.0,0,0.03352022749589061,0,Medium Risk
2018,New Jersey,59,0.0,0,0.005377591924858547,0,Low Risk
2018,Georgia,48,100029.0,0,0.016624041265648263,0,Low Risk
2018,Connecticut,18,0.0,0,0.004004011284366805,0,Low Risk
2019,Colorado,25,43440.0,1,0.05130454660892303,0,Medium Risk
2018,Ohio,23,42001.0,0,0.0173816845842653,0,Low Risk
2018,Oregon,65,20552.0,0,0.01550613003560922,0,Low Risk
2018,Louisiana,52,9000.0,0,0.009715718139802657,0,Low Risk
2019,New Hampshire,44,30150.0,0,0.010108219767589603,0,Low Risk
2018,Montana,30,25200.0,0,0.059271412522062326,1,High Risk
2018,California,53,38463.0,0,0.007269368853021833,0,Low Risk
2019,North Carolina,59,95604.0,0,0.0035492649301743394,0,Low Risk
2018,Tennessee,35,46515.0,0,0.03203818972265865,0,Medium Risk
2018,Montana,85,8396.0,0,0.010849293086615816,0,Low Risk
2018,Mississippi,47,59548.0,0,0.014060486193991273,0,Low Risk
2018,Massachusetts,25,38000.0,0,0.016708679898338453,0,Low Risk
2018,Indiana,64,48801.0,0,0.011563222786250089,0,Low Risk
2019,Virginia,46,116001.0,0,0.008344922068648133,0,Low Risk
2019,Michigan,23,23010.0,0,0.05333501251664059,0,Medium Risk
2019,Alaska,56,10500.0,0,0.017169796093426698,0,Low Risk
2019,Virginia,25,18000.0,0,0.023919320601090158,0,Low Risk
2018,California,43,25000.0,0,0.005151920306659773,0,Low Risk
2019,Indiana,28,60000.0,0,0.023309839646580763,0,Low Risk
2018,Kansas,28,25000.0,0,0.04363610853359964,0,Medium Risk
2019,California,57,29000.0,0,0.0053566855467486576,0,Low Risk
2019,Tennessee,24,9000.0,0,0.03405616393260057,0,Medium Risk
2019,Louisiana,58,0.0,0,0.006136956780843256,0,Low Risk
2019,Tennessee,23,21675.0,0,0.034796351363486536,0,Medium Risk
2018,Indiana,61,53258.0,0,0.011924234411805124,0,Low Risk
2018,Texas,85,13203.0,0,0.005049759280732836,0,Low Risk
2019,New York,20,36801.0,0,0.06097887088183663,1,High Risk
2019,Arkansas,85,14808.0,0,0.005513002617322884,0,Low Risk
2019,Alaska,22,31600.0,0,0.16122989844113106,1,High Risk
2018,Florida,43,145828.0,0,0.023994228365816554,0,Low Risk
2018,Tennessee,48,40162.0,0,0.010728442440341487,0,Low Risk
2019,Arkansas,80,24174.0,0,0.00790402558324744,0,Low Risk
2019,California,67,24002.0,0,0.00792177097440025,0,Low Risk
2019,Vermont,68,10860.0,0,0.006274949650843786,0,Low Risk
2018,Florida,40,312479.0,1,0.020143747959952805,0,Low Risk
2019,West Virginia,48,52000.0,0,0.007363974912044082,0,Low Risk
2019,Michigan,44,54014.0,0,0.004674820546940125,0,Low Risk
2019,Texas,28,27005.0,0,0.015621572941112716,0,Low Risk
2018,New Jersey,74,31018.0,0,0.002325083180348785,0,Low Risk
2019,Kentucky,31,8000.0,0,0.01579489287668052,0,Low Risk
2018,Massachusetts,42,27501.0,0,0.0037860831784959793,0,Low Risk
2018,Wyoming,63,100676.0,0,0.01320315567145474,0,Low Risk
2019,Louisiana,71,85097.0,0,0.009413663895133999,0,Low Risk
2018,Alaska,60,47014.0,0,0.015462062173192442,0,Low Risk
2018,North Dakota,34,40260.0,0,0.02788905443186614,0,Low Risk
2018,Mississippi,43,0.0,0,0.011899946292474952,0,Low Risk
2019,Hawaii,45,36000.0,0,0.005349176033359149,0,Low Risk
2019,California,63,15851.0,0,0.01171391853245225,0,Low Risk
2019,New York,66,17615.0,0,0.004051627651698749,0,Low Risk
2019,New Mexico,64,55000.0,0,0.01016989248501326,0,Low Risk
2018,Tennessee,64,42665.0,0,0.007911415256096479,0,Low Risk
2019,Louisiana,23,12000.0,0,0.0275199815301,0,Low Risk
2018,Arkansas,54,28938.0,0,0.015733742502101324,0,Low Risk
2018,California,56,40000.0,0,0.0035908597825980632,0,Low Risk
2019,Maryland,54,0.0,0,0.007591626352279737,0,Low Risk
2019,Illinois,20,11600.0,0,0.00795229934366251,0,Low Risk
2018,Arkansas,25,6720.0,0,0.03514257179776553,0,Medium Risk
2018,Connecticut,85,6149.0,0,0.005275051759593485,0,Low Risk
2019,Louisiana,54,48000.0,0,0.00797725237349465,0,Low Risk
2018,Indiana,61,26000.0,0,0.012357655933214301,0,Low Risk
2019,South Carolina,38,0.0,0,0.016127290021432532,0,Low Risk
2018,Texas,67,49105.0,0,0.004028924488655539,0,Low Risk
2018,Wisconsin,52,29206.0,0,0.004966687430316601,0,Low Risk
2018,Wisconsin,49,97845.0,0,0.005163049055049911,0,Low Risk
2018,Georgia,51,102072.0,0,0.014111503811754042,0,Low Risk
2019,Utah,21,18000.0,0,0.020950388237451788,0,Low Risk
2019,Alabama,57,15708.0,0,0.009053490532862874,0,Low Risk
2018,Tennessee,20,3000.0,0,0.02364267635185847,0,Low Risk
2019,New York,41,102276.0,0,0.00831612123286577,0,Low Risk
2019,Wyoming,21,7108.0,0,0.043296532102874825,0,Medium Risk
2019,Minnesota,41,261000.0,0,0.006967257125716955,0,Low Risk
2018,Texas,63,18059.0,0,0.009093409295666776,0,Low Risk
2019,Louisiana,62,31777.0,0,0.011104897707132825,0,Low Risk
2019,Utah,44,98213.0,0,0.014410213396678596,0,Low Risk
2018,Maryland,39,11001.0,0,0.04932006545077801,0,Medium Risk
2019,Oklahoma,58,53657.0,0,0.010539618098004268,0,Low Risk
2019,Georgia,28,50.0,0,0.03428390423524278,0,Medium Risk
2018,Vermont,50,51938.0,0,0.011431285340612307,0,Low Risk
2018,Oregon,60,30002.0,0,0.016797136373094254,0,Low Risk
2019,Louisiana,62,0.0,0,0.013990927498667292,0,Low Risk
2018,Oklahoma,30,505.0,0,0.03623678609135717,0,Medium Risk
2018,Florida,80,23129.0,0,0.010839920402661412,0,Low Risk
2018,Hawaii,52,61003.0,0,0.005246570686891683,0,Low Risk
2019,Rhode Island,44,20003.0,0,0.0071158163188231194,0,Low Risk
2018,Texas,45,60505.0,0,0.00685596235118116,0,Low Risk
2018,Arkansas,25,19000.0,0,0.02957692994359893,0,Medium Risk
2019,Nevada,56,26700.0,0,0.028118752734013788,0,Medium Risk
2018,Ohio,63,70002.0,0,0.0028985144243849374,0,Low Risk
2018,Pennsylvania,26,0.0,0,0.10475849270277658,1,High Risk
2018,Washington,46,22000.0,0,0.011792058508557489,0,Low Risk
2018,South Carolina,21,37000.0,0,0.060444924743054004,1,High Risk
2019,Iowa,47,68000.0,0,0.008356587893731263,0,Low Risk
2018,Arkansas,31,0.0,0,0.03616945450080745,0,Medium Risk
2019,Alabama,80,20345.0,0,0.003884750586735522,0,Low Risk
2019,Wyoming,56,180615.0,0,0.011340853632871566,0,Low Risk
2019,Georgia,71,55040.0,0,0.004326248881030731,0,Low Risk
2018,Minnesota,20,0.0,0,0.013477074587660995,0,Low Risk
2018,New Mexico,77,49302.0,0,0.005357932423271046,0,Low Risk
2019,North Carolina,53,16100.0,0,0.007486865016751186,0,Low Risk
2018,Illinois,78,14148.0,0,0.002887802252058725,0,Low Risk
2018,District of Columbia,67,89888.0,0,0.007221069108753398,0,Low Risk
2019,Virginia,65,209066.0,0,0.013108791312696008,0,Low Risk
2019,Georgia,32,18000.0,0,0.03713878227512148,0,Medium Risk
2019,New York,69,69007.0,0,0.0026191238386108493,0,Low Risk
2018,Maryland,65,13788.0,0,0.007867262969372684,0,Low Risk
2019,Oklahoma,47,60100.0,0,0.011925552320806802,0,Low Risk
2018,Iowa,30,51158.0,0,0.02133694588751725,0,Low Risk
2019,California,36,83236.0,0,0.018090170467770395,0,Low Risk
2019,Michigan,67,9000.0,0,0.002401440412800017,0,Low Risk
2018,Indiana,38,16897.0,0,0.014208166299509838,0,Low Risk
2019,North Carolina,78,43720.0,0,0.0023444614163389394,0,Low Risk
2018,Oklahoma,36,33025.0,0,0.01796099954512264,0,Low Risk
2019,Tennessee,67,54407.0,0,0.004237210266821221,0,Low Risk
2019,Tennessee,27,40000.0,0,0.025312695264099985,0,Low Risk
2018,New Hampshire,72,46608.0,0,0.007772348482647367,0,Low Risk
2019,Montana,45,68006.0,0,0.017796492860951866,0,Low Risk
2019,Florida,61,65012.0,0,0.013274574394653639,0,Low Risk
2019,California,31,70200.0,0,0.027249462177059845,0,Low Risk
2018,California,35,70002.0,0,0.00729616988636367,0,Low Risk
2018,Michigan,25,28002.0,0,0.033948323070693724,0,Medium Risk
2018,Texas,34,38360.0,0,0.010176879081267147,0,Low Risk
2018,Minnesota,19,14000.0,0,0.01267649484900094,0,Low Risk
2018,California,51,0.0,0,0.0029476120720952465,0,Low Risk
2018,Michigan,46,10.0,1,0.007318509429249913,0,Low Risk
2018,Washington,27,23921.0,0,0.04882824546358202,0,Medium Risk
2018,New Jersey,85,43602.0,0,0.0023060201097776724,0,Low Risk
2018,Michigan,25,25100.0,0,0.015271916170388311,0,Low Risk
2018,Minnesota,48,221474.0,0,0.0071470209961896035,0,Low Risk
2019,Illinois,52,20000.0,0,0.00398666433975869,0,Low Risk
2018,Louisiana,65,18044.0,0,0.007222883219329785,0,Low Risk
2019,Nevada,47,225556.0,0,0.04113520233444632,0,Medium Risk
2019,South Dakota,73,8520.0,0,0.0050467543366136455,0,Low Risk
2019,Wisconsin,33,36843.0,0,0.009228180800980892,0,Low Risk
2018,Missouri,38,35000.0,0,0.01066715338212717,0,Low Risk
2019,Michigan,50,34100.0,0,0.004038482193828621,0,Low Risk
2018,District of Columbia,35,85646.0,0,0.07676046508928955,1,High Risk
2019,Illinois,66,65010.0,0,0.0037662095260806647,0,Low Risk
2019,Nevada,49,60634.0,0,0.015054108067347319,0,Low Risk
2018,Massachusetts,39,10020.0,0,0.006353799295184997,0,Low Risk
2018,Pennsylvania,52,30000.0,0,0.005428668708396749,0,Low Risk
2018,California,38,0.0,0,0.007692086991391425,0,Low Risk
2018,Missouri,21,3500.0,0,0.02128215862312566,0,Low Risk
2018,New York,41,0.0,0,0.0060188025454343255,0,Low Risk
2018,California,34,25005.0,0,0.007507972140594355,0,Low Risk
2018,Tennessee,22,27000.0,0,0.0356793632911388,0,Medium Risk
2019,Vermont,74,17188.0,0,0.0061068241266323655,0,Low Risk
2018,Washington,32,55007.0,0,0.03278045397485423,0,Medium Risk
2018,Oregon,31,15000.0,0,0.05222268044860365,0,Medium Risk
2019,Utah,37,35000.0,0,0.02066350614850793,0,Low Risk
2018,Florida,69,10595.0,0,0.008581122355299679,0,Low Risk
2019,North Carolina,30,37001.0,0,0.0171423247117533,0,Low Risk
2019,California,65,18750.0,0,0.004918102516079944,0,Low Risk
2018,California,70,66200.0,0,0.005122072991746995,0,Low Risk
2018,Virginia,64,34391.0,0,0.004890115864401011,0,Low Risk
2019,California,46,24000.0,0,0.0042861252651617806,0,Low Risk
2019,New Jersey,48,273705.0,0,0.006314145134849926,0,Low Risk
2019,California,26,20000.0,0,0.013038157980033566,0,Low Risk
2019,Virginia,78,100825.0,0,0.0034951313470781412,0,Low Risk
2018,Hawaii,54,9000.0,0,0.006226267368646662,0,Low Risk
2019,Hawaii,33,46010.0,0,0.01396223407739301,0,Low Risk
2019,Missouri,47,29005.0,0,0.0059200527702250915,0,Low Risk
2019,Louisiana,26,29007.0,0,0.06095854153862646,1,High Risk
2018,Wyoming,41,350023.0,0,0.02885085346664528,0,Medium Risk
2019,Delaware,26,40001.0,0,0.028546126871628368,0,Medium Risk
2019,Louisiana,51,8400.0,0,0.010070603702701941,0,Low Risk
2019,Arizona,32,13001.0,0,0.023123305586092102,0,Low Risk
2019,Tennessee,72,14460.0,0,0.0038334810178916306,0,Low Risk
2018,Florida,30,40001.0,0,0.022913861466242268,0,Low Risk
2018,Wyoming,55,14401.0,0,0.016694717008188337,0,Low Risk
2019,District of Columbia,46,30010.0,0,0.012731487311923058,0,Low Risk
2018,Idaho,28,0.0,0,0.04310686512169911,0,Medium Risk
2018,Florida,57,50043.0,0,0.011741497286116965,0,Low Risk
2018,Nebraska,74,13067.0,0,0.005959530183517548,0,Low Risk
2018,Nebraska,53,55000.0,0,0.00905455647993463,0,Low Risk
2019,North Carolina,34,40000.0,0,0.011490078944859108,0,Low Risk
2018,Michigan,46,185200.0,0,0.015155265355807251,0,Low Risk
2019,Wyoming,57,52630.0,0,0.015658757037425346,0,Low Risk
2019,California,48,12000.0,0,0.0036349167943378296,0,Low Risk
2018,Indiana,41,25000.0,0,0.009726410807882314,0,Low Risk
2018,Michigan,47,118512.0,0,0.005087906783804717,0,Low Risk
2018,District of Columbia,39,100032.0,0,0.04204199151535409,0,Medium Risk
2018,California,46,0.0,0,0.007391810371788438,0,Low Risk
2018,Illinois,60,273927.0,0,0.01171630794724461,0,Low Risk
2019,Kansas,46,97406.0,0,0.005767276629822596,0,Low Risk
2018,Michigan,25,7005.0,0,0.030864465229313787,0,Medium Risk
2019,Washington,62,0.0,0,0.006023943789659693,0,Low Risk
2018,California,43,30000.0,0,0.007450187956487069,0,Low Risk
2018,Georgia,73,10887.0,0,0.0055889625191910585,0,Low Risk
2019,Tennessee,34,65002.0,1,0.02377863696545204,0,Low Risk
2018,Connecticut,22,14400.0,0,0.021539784747586686,0,Low Risk
2018,Nevada,33,0.0,0,0.04047821798078706,0,Medium Risk
2019,Texas,34,41002.0,0,0.015141478276749793,0,Low Risk
2019,Alabama,69,31464.0,0,0.0038024393409809595,0,Low Risk
2018,Vermont,58,36042.0,0,0.007403772469365244,0,Low Risk
2018,Rhode Island,19,2300.0,0,0.02277318782921082,0,Low Risk
2018,Michigan,51,170500.0,0,0.010041278286221113,0,Low Risk
2019,Idaho,29,102500.0,0,0.039125004237210666,0,Medium Risk
2018,Florida,37,37403.0,0,0.012576378106772914,0,Low Risk
2018,Alaska,19,1100.0,0,0.037117053298390976,0,Medium Risk
2018,Indiana,41,0.0,0,0.017076064365928012,0,Low Risk
2019,Wisconsin,56,123721.0,0,0.006837171975703053,0,Low Risk
2018,Louisiana,66,63600.0,0,0.006131342558379586,0,Low Risk
2019,Maryland,61,50725.0,0,0.005742390939425306,0,Low Risk
2019,Illinois,32,10000.0,0,0.012721361505764448,0,Low Risk
2019,South Carolina,48,45032.0,0,0.009546479310044773,0,Low Risk
2018,Texas,18,0.0,0,0.01818994089149389,0,Low Risk
2019,Alabama,51,80000.0,0,0.012986106653914736,0,Low Risk
2018,Arizona,25,14000.0,0,0.03006679942993104,0,Medium Risk
2018,Louisiana,72,15144.0,0,0.0071739175183661375,0,Low Risk
2018,California,65,10705.0,0,0.006091018266617912,0,Low Risk
2018,Arizona,20,9892.0,0,0.01619246252421662,0,Low Risk
2018,Massachusetts,57,50000.0,0,0.002494911160678939,0,Low Risk
2018,Vermont,85,38820.0,0,0.007152813671985771,0,Low Risk
2018,Oklahoma,49,30000.0,0,0.0120290116592683,0,Low Risk
2019,Wyoming,85,14459.0,0,0.007720221181903741,0,Low Risk
2018,Michigan,37,5.0,0,0.014539029586296204,0,Low Risk
2018,Alabama,64,8184.0,0,0.00928744928351228,0,Low Risk
2018,Colorado,47,65000.0,0,0.013651618177480576,0,Low Risk
2018,Florida,29,95063.0,0,0.06367191314132009,1,High Risk
2018,Delaware,51,130034.0,0,0.008649320818209549,0,Low Risk
2018,Wyoming,42,120000.0,0,0.019162046917791515,0,Low Risk
2019,California,24,23500.0,0,0.014126813596784244,0,Low Risk
2019,New Hampshire,18,15000.0,0,0.01681065504728984,0,Low Risk
2019,California,53,50001.0,0,0.004513251117628746,0,Low Risk
2019,California,69,38741.0,0,0.0041106912736877535,0,Low Risk
2019,Georgia,85,11954.0,0,0.004023668128048326,0,Low Risk
2019,Maryland,42,162250.0,0,0.014586521792079603,0,Low Risk
2019,Florida,23,3032.0,0,0.02227245399115163,0,Low Risk
2018,New York,41,84000.0,0,0.00544273172799628,0,Low Risk
2019,New York,40,79000.0,0,0.009482311206811905,0,Low Risk
2018,Texas,18,6200.0,0,0.01323034845432487,0,Low Risk
2019,Mississippi,31,32201.0,0,0.023106193586210612,0,Low Risk
2018,California,19,7200.0,0,0.014435259974583071,0,Low Risk
2019,Florida,18,0.0,0,0.009544884927805634,0,Low Risk
2019,Montana,72,25652.0,0,0.011072915916861147,0,Low Risk
2019,Texas,72,8099.0,0,0.003906398969665339,0,Low Risk
2019,Kansas,78,19259.0,0,0.004103864788518087,0,Low Risk
2019,Ohio,26,23002.0,0,0.011061099241141747,0,Low Risk
2019,Nevada,31,0.0,0,0.06519952366080545,1,High Risk
2019,Vermont,74,16955.0,0,0.006146627887273982,0,Low Risk
2019,Pennsylvania,22,0.0,0,0.034916747475216864,0,Medium Risk
2018,California,43,54000.0,0,0.00507780466762665,0,Low Risk
2018,California,39,50000.0,0,0.006533576965793197,0,Low Risk
2019,California,42,30108.0,0,0.005685693852400578,0,Low Risk
2018,Wisconsin,63,14863.0,0,0.0070407945482852076,0,Low Risk
2019,Texas,22,15000.0,0,0.13780972750927517,1,High Risk
2019,Tennessee,85,129001.0,0,0.0030520352412000034,0,Low Risk
2018,South Dakota,51,43002.0,0,0.010810360431654358,0,Low Risk
2018,Kansas,59,31100.0,0,0.005525963701091255,0,Low Risk
2019,Washington,29,38005.0,0,0.021833697227655692,0,Low Risk
2019,Pennsylvania,20,4503.0,0,0.007554571944810474,0,Low Risk
2019,California,31,0.0,0,0.008506761727364085,0,Low Risk
2019,Connecticut,78,15795.0,0,0.009642092167747333,0,Low Risk
2018,California,47,10000.0,0,0.005293410709870334,0,Low Risk
2018,South Carolina,26,16100.0,0,0.02350581329537185,0,Low Risk
2018,Colorado,73,44556.0,0,0.007456864801995959,0,Low Risk
2019,Massachusetts,27,60000.0,0,0.014187423088837092,0,Low Risk
2019,Alabama,47,94001.0,0,0.01008967957983179,0,Low Risk
2019,Mississippi,43,58000.0,0,0.025415417147526015,0,Low Risk
2019,Texas,36,105004.0,0,0.019721836713922403,0,Low Risk
2018,Kansas,23,4800.0,0,0.05549782188284617,0,Medium Risk
2019,Illinois,39,101000.0,0,0.015567782862331592,0,Low Risk
2019,Massachusetts,41,196550.0,0,0.005052949005070744,0,Low Risk
2018,Pennsylvania,39,38000.0,0,0.008177430788249158,0,Low Risk
2018,Minnesota,41,103085.0,0,0.006131692774941442,0,Low Risk
2019,Oregon,65,3001.0,0,0.04426001856458886,0,Medium Risk
2018,New Jersey,48,211232.0,0,0.003308991675615611,0,Low Risk
2018,Michigan,63,6180.0,0,0.005862665057345589,0,Low Risk
2018,Pennsylvania,49,202001.0,0,0.0058046449903963356,0,Low Risk
2019,California,56,32001.0,0,0.0041708608660363635,0,Low Risk
2018,Missouri,58,9600.0,0,0.014176255591016972,0,Low Risk
2018,Louisiana,54,15000.0,0,0.012979902510358245,0,Low Risk
2018,North Dakota,80,18006.0,0,0.008944475375019073,0,Low Risk
2018,Hawaii,42,53727.0,0,0.010592513676598655,0,Low Risk
2018,Kentucky,71,54012.0,0,0.009261315705470868,0,Low Risk
2019,California,42,75051.0,0,0.0069091651796515845,0,Low Risk
2018,New Mexico,59,70023.0,0,0.009796657778625706,0,Low Risk
2018,New York,51,0.0,0,0.005619492245347136,0,Low Risk
2018,California,19,0.0,0,0.0041697388506747165,0,Low Risk
2019,Louisiana,40,140000.0,0,0.019767556557588373,0,Low Risk
2019,District of Columbia,47,20500.0,0,0.015413310768162346,0,Low Risk
2019,Kentucky,38,30000.0,0,0.010811103177017828,0,Low Risk
2019,South Carolina,26,68400.0,0,0.051078977830670315,0,Medium Risk
2018,New York,69,1064.0,0,0.002213863630999411,0,Low Risk
2019,Washington,85,21400.0,1,0.0032920424458059865,0,Low Risk
2018,Georgia,46,6000.0,0,0.03038629141450929,0,Medium Risk
2018,Massachusetts,24,10002.0,0,0.013581888346400377,0,Low Risk
2019,Minnesota,38,86002.0,0,0.009965845304463435,0,Low Risk
2018,Missouri,30,30000.0,0,0.03895714360965527,0,Medium Risk
2018,Hawaii,80,12000.0,0,0.006060049281011269,0,Low Risk
2018,Georgia,18,0.0,0,0.008865272000882251,0,Low Risk
2018,Virginia,28,20000.0,1,0.041851288292485335,0,Medium Risk
2019,Tennessee,48,65031.0,0,0.009187537500634002,0,Low Risk
2018,Michigan,60,60388.0,0,0.0029955807448717505,0,Low Risk
2018,West Virginia,63,66029.0,0,0.007378010818324935,0,Low Risk
2019,Ohio,85,4555.0,0,0.0032477897416727207,0,Low Risk
2019,Ohio,37,1.0,0,0.05191824184745348,0,Medium Risk
2018,Florida,56,29400.0,0,0.012742349505069982,0,Low Risk
2018,Mississippi,75,19527.0,0,0.007168458218323794,0,Low Risk
2019,California,27,15000.0,0,0.015142170257072684,0,Low Risk
2018,New Jersey,52,34800.0,0,0.0034388012398891936,0,Low Risk
2019,Texas,41,29000.0,0,0.017022847355594378,0,Low Risk
2018,Virginia,37,33001.0,0,0.021251497868251173,0,Low Risk
2019,Texas,27,0.0,0,0.019023441118453298,0,Low Risk
2018,California,34,22000.0,0,0.007737805393218213,0,Low Risk
2019,Georgia,59,301506.0,0,0.015553756858839505,0,Low Risk
2018,Florida,85,19200.0,0,0.009616933507480566,0,Low Risk
2019,Florida,53,73212.0,0,0.012847217799308539,0,Low Risk
2018,Illinois,61,35007.0,0,0.0029078862136794822,0,Low Risk
2019,Mississippi,49,9600.0,0,0.010913412253227337,0,Low Risk
2018,California,47,0.0,0,0.004511061584149169,0,Low Risk
2018,Florida,58,63000.0,0,0.013258318695129646,0,Low Risk
2018,Mississippi,28,19200.0,0,0.020062043364470077,0,Low Risk
2019,Iowa,20,23000.0,0,0.02073503617972627,0,Low Risk
2018,Oklahoma,27,48025.0,0,0.02736593987567698,0,Low Risk
2018,South Carolina,39,25646.0,0,0.010671553051074928,0,Low Risk
2019,Nevada,45,0.0,0,0.041676928261666614,0,Medium Risk
2019,Vermont,53,50450.0,0,0.009046276514966704,0,Low Risk
2019,Michigan,53,73800.0,0,0.0029914699829363444,0,Low Risk
2018,Wyoming,37,28620.0,0,0.03378910783895202,0,Medium Risk
2019,Alabama,51,46201.0,0,0.009578981572681194,0,Low Risk
2018,Texas,37,0.0,0,0.02143401294960053,0,Low Risk
2019,Idaho,65,113035.0,0,0.013065235270619013,0,Low Risk
2018,Arkansas,26,35000.0,0,0.025672890367266724,0,Low Risk
2019,New Jersey,60,57050.0,0,0.0031700479384023646,0,Low Risk
2018,Alabama,52,90000.0,0,0.012042787167514765,0,Low Risk
2018,Wisconsin,77,22908.0,0,0.006195082636009186,0,Low Risk
2018,Washington,30,15001.0,0,0.050925232160607264,0,Medium Risk
2019,Oklahoma,44,23001.0,0,0.011315014056063721,0,Low Risk
2018,Iowa,35,53144.0,0,0.011775918768719699,0,Low Risk
2018,Mississippi,46,44000.0,0,0.011705952243016049,0,Low Risk
2018,Missouri,40,65323.0,0,0.009850302760744774,0,Low Risk
2018,Utah,37,110000.0,0,0.016991517147991242,0,Low Risk
2018,New Jersey,62,0.0,0,0.004565406132993781,0,Low Risk
2018,Georgia,54,37000.0,0,0.012656900423083864,0,Low Risk
2019,Nebraska,59,38000.0,0,0.014179527068701965,0,Low Risk
2019,California,85,20200.0,0,0.009789638577181594,0,Low Risk
2018,Vermont,63,41000.0,0,0.007339451048789105,0,Low Risk
2018,West Virginia,44,62712.0,0,0.012789986630172567,0,Low Risk
2019,Texas,85,12302.0,0,0.003773042443297241,0,Low Risk
2019,Colorado,68,9369.0,0,0.00997227762112864,0,Low Risk
2018,Texas,62,14000.0,0,0.011790363781150568,0,Low Risk
2019,Virginia,19,8500.0,0,0.03941087714196782,0,Medium Risk
2019,Mississippi,63,3154.0,0,0.01381265096092394,0,Low Risk
2018,Texas,21,6500.0,0,0.019180257174669643,0,Low Risk
2019,Texas,42,68100.0,0,0.010616456887704066,0,Low Risk
2019,Kansas,23,36640.0,0,0.04392092884705141,0,Medium Risk
2019,Iowa,47,52105.0,0,0.006133737746641645,0,Low Risk
2019,Texas,37,30020.0,0,0.016525673839821953,0,Low Risk
2018,New York,30,50153.0,0,0.010393667965949068,0,Low Risk
2018,Michigan,41,60000.0,0,0.006253547946489556,0,Low Risk
2019,Colorado,57,123302.0,0,0.011932711457611165,0,Low Risk
2018,Georgia,67,44800.0,0,0.006449597622969512,0,Low Risk
2018,Maryland,19,38000.0,0,0.017478090162181513,0,Low Risk
2019,North Dakota,42,42100.0,0,0.013469665060346192,0,Low Risk
2018,Nevada,44,30025.0,0,0.018394484955493933,0,Low Risk
2018,Wisconsin,29,12000.0,0,0.04429361234999612,0,Medium Risk
2019,Nebraska,36,28500.0,0,0.026378420386566164,0,Low Risk
2019,Utah,27,0.0,0,0.03619465901515973,0,Medium Risk
2018,Maryland,80,24276.0,0,0.004096890913433211,0,Low Risk
2018,Indiana,59,30.0,0,0.03438050345841346,0,Medium Risk
2019,California,46,0.0,0,0.004909915142292054,0,Low Risk
2019,California,56,40000.0,0,0.004633752826784838,0,Low Risk
2018,Colorado,35,323.0,0,0.04627318775389183,0,Medium Risk
2019,New York,55,22000.0,0,0.0033251295229912194,0,Low Risk
2019,Idaho,23,12006.0,0,0.03777287305997934,0,Medium Risk
2019,New Jersey,19,4.0,0,0.005080239491264161,0,Low Risk
2019,Hawaii,31,70004.0,0,0.021765332455313046,0,Low Risk
2018,South Carolina,19,9000.0,0,0.018587550756174867,0,Low Risk
2019,Oklahoma,77,9659.0,0,0.007049204821100515,0,Low Risk
2018,North Dakota,51,9071.0,0,0.02340388950455349,0,Low Risk
2019,Florida,32,50000.0,0,0.017728470562273384,0,Low Risk
2018,New Mexico,41,0.0,0,0.01781636203669792,0,Low Risk
2018,Texas,85,9600.0,0,0.003604720023922231,0,Low Risk
2018,Oklahoma,20,24000.0,0,0.026150391354146624,0,Low Risk
2018,Illinois,27,13337.0,0,0.010352553452221787,0,Low Risk
2018,Nebraska,67,83343.0,0,0.006987601772479345,0,Low Risk
2018,New Mexico,59,130050.0,0,0.007779190708979675,0,Low Risk
2019,California,56,128354.0,0,0.005683858019806746,0,Low Risk
2018,Connecticut,30,0.0,0,0.030090876562807626,0,Medium Risk
2018,West Virginia,63,27420.0,0,0.006725085132149818,0,Low Risk
2018,Florida,66,0.0,0,0.016293732516195116,0,Low Risk
2018,Arizona,27,0.0,0,0.04001747108895485,0,Medium Risk
2019,West Virginia,49,31000.0,0,0.00828505006876148,0,Low Risk
2019,Illinois,40,110650.0,0,0.011911006941722436,0,Low Risk
2018,Florida,51,58475.0,0,0.012218776887368296,0,Low Risk
2018,Idaho,29,50000.0,0,0.0338541700504231,0,Medium Risk
2019,California,75,14400.0,0,0.002900636094275463,0,Low Risk
2019,Hawaii,56,46000.0,0,0.004794649146639063,0,Low Risk
2018,Massachusetts,22,0.0,0,0.011746728166434559,0,Low Risk
2019,Washington,49,40031.0,0,0.008956982132034231,0,Low Risk
2018,Wisconsin,26,17000.0,0,0.05130161677178693,0,Medium Risk
2018,Alabama,41,28000.0,0,0.00962684723436773,0,Low Risk
2019,Rhode Island,56,0.0,0,0.006421435273826119,0,Low Risk
2018,South Carolina,53,35000.0,0,0.006548555571879436,0,Low Risk
2019,Ohio,41,80015.0,0,0.0042088241310157945,0,Low Risk
2018,New York,42,18000.0,0,0.007147318238204071,0,Low Risk
2019,Iowa,80,32741.0,0,0.009246689488956725,0,Low Risk
2018,Texas,73,25931.0,0,0.003961182322531606,0,Low Risk
2019,Mississippi,60,48030.0,0,0.008584995386520472,0,Low Risk
2019,Rhode Island,64,13608.0,0,0.008108452289446781,0,Low Risk
2019,New York,27,60005.0,0,0.0375916609023689,0,Medium Risk
2018,California,39,38015.0,0,0.006475998287785375,0,Low Risk
2018,Georgia,80,114373.0,0,0.0035052546321374307,0,Low Risk
2019,Hawaii,23,26941.0,0,0.025456452971391787,0,Low Risk
2019,California,30,52010.0,0,0.01668937677197396,0,Low Risk
2019,Arkansas,35,22500.0,0,0.018191166696204124,0,Low Risk
2018,Idaho,76,9555.0,0,0.01751111563979044,0,Low Risk
2018,Nevada,48,57870.0,0,0.013010814002045092,0,Low Risk
2019,Mississippi,22,8000.0,0,0.017466443533459882,0,Low Risk
2018,Colorado,64,112042.0,0,0.01094947349122886,0,Low Risk
2018,New Jersey,34,97000.0,0,0.02224247685685036,0,Low Risk
2019,California,63,33800.0,0,0.007101334367749004,0,Low Risk
2018,Rhode Island,35,76476.0,0,0.014029411616366906,0,Low Risk
2018,Connecticut,39,38000.0,0,0.006224096927723954,0,Low Risk
2019,Washington,38,95710.0,0,0.018335376663152318,0,Low Risk
2018,Arkansas,34,22000.0,0,0.015306556964208476,0,Low Risk
2018,Michigan,75,41224.0,0,0.0017227698274683077,0,Low Risk
2019,West Virginia,76,16034.0,0,0.007518633864743715,0,Low Risk
2018,Texas,50,18001.0,0,0.014671093294419464,0,Low Risk
2019,Wyoming,67,59050.0,0,0.009934036856988595,0,Low Risk
2018,Illinois,26,109000.0,0,0.029311922233192962,0,Medium Risk
2019,Kansas,43,33467.0,0,0.009654831168077093,0,Low Risk
2019,Texas,34,78150.0,0,0.016909802720914087,0,Low Risk
2019,New Hampshire,21,12700.0,0,0.02062367718645965,0,Low Risk
2018,West Virginia,37,162615.0,0,0.019703805012332085,0,Low Risk
2019,Arkansas,32,97939.0,0,0.026395080791758153,0,Low Risk
2018,Vermont,33,134012.0,0,0.038890467731930826,0,Medium Risk
2019,New Mexico,64,112011.0,0,0.005654476408239855,0,Low Risk
2018,Wyoming,52,31001.0,0,0.01710855394584805,0,Low Risk
2019,Arkansas,34,7896.0,0,0.035881018782920125,0,Medium Risk
2019,South Carolina,52,150200.0,0,0.007942429559585271,0,Low Risk
2019,Illinois,38,24000.0,0,0.0052893527076260105,0,Low Risk
2018,New Jersey,55,116370.0,0,0.006961324675310731,0,Low Risk
2019,Montana,80,20490.0,0,0.007935453823995763,0,Low Risk
2018,Vermont,38,65035.0,0,0.020553419779220296,0,Low Risk
2019,District of Columbia,69,429145.0,0,0.006414761015088041,0,Low Risk
2019,Oklahoma,37,14076.0,0,0.031229363811062612,0,Medium Risk
2018,Iowa,33,40008.0,0,0.028337790297350837,0,Medium Risk
2019,Hawaii,76,4879.0,0,0.0027124656191394258,0,Low Risk
2019,Texas,51,91276.0,0,0.014120331622610557,0,Low Risk
2019,Hawaii,40,35002.0,0,0.011841298540163425,0,Low Risk
2019,Florida,55,16309.0,0,0.015816559639204683,0,Low Risk
2019,Idaho,21,24000.0,0,0.06533230163743574,1,High Risk
2019,Massachusetts,51,103204.0,0,0.0027674820302022816,0,Low Risk
2018,Florida,59,21000.0,0,0.012588951387280337,0,Low Risk
2019,Alabama,29,0.0,0,0.023903389387639442,0,Low Risk
2018,Virginia,49,124845.0,0,0.016722855112531892,0,Low Risk
2018,Wisconsin,50,25742.0,0,0.005220490685626766,0,Low Risk
2019,Georgia,44,46597.0,0,0.010111011416934292,0,Low Risk
2019,Arkansas,80,9659.0,0,0.007984980118662135,0,Low Risk
2018,Kentucky,30,30000.0,0,0.0328371157954678,0,Medium Risk
2019,Indiana,46,74000.0,0,0.010367067697226708,0,Low Risk
2019,New Hampshire,63,0.0,0,0.01088353581585131,0,Low Risk
2018,Colorado,48,20065.0,0,0.012015377921336261,0,Low Risk
2018,Maryland,53,3.0,0,0.009048089220926857,0,Low Risk
2019,Virginia,30,5150.0,0,0.13470466082509058,1,High Risk
2018,Texas,36,1005.0,0,0.032217630013675634,0,Medium Risk
2019,New York,49,75000.0,0,0.0038066019932739533,0,Low Risk
2019,New York,41,30001.0,0,0.005195463807815203,0,Low Risk
2019,Pennsylvania,66,21233.0,0,0.0066101058536191725,0,Low Risk
2018,Kentucky,76,40958.0,0,0.008823058361394086,0,Low Risk
2019,Indiana,51,210100.0,0,0.011907409717705753,0,Low Risk
2018,California,80,19259.0,0,0.008228399314116322,0,Low Risk
2018,Florida,38,45010.0,0,0.013587543907124798,0,Low Risk
2018,California,58,697.0,0,0.007186450717161307,0,Low Risk
2018,Minnesota,37,116650.0,0,0.008678015797263978,0,Low Risk
2019,Massachusetts,76,22091.0,0,0.0020458778706273135,0,Low Risk
2018,Iowa,38,24002.0,0,0.013633414164286296,0,Low Risk
2019,Virginia,46,5.0,0,0.01917421948738478,0,Low Risk
2019,Missouri,20,18500.0,0,0.06206139790772188,1,High Risk
2019,Florida,68,0.0,0,0.013003392766108603,0,Low Risk
2019,New Mexico,29,20000.0,0,0.025343103970969214,0,Low Risk
2018,Florida,25,35002.0,0,0.03170589896957025,0,Medium Risk
2019,California,66,21000.0,0,0.004433055632722094,0,Low Risk
2019,California,36,100000.0,0,0.016969453891891487,0,Low Risk
2019,Florida,63,103000.0,0,0.022847665889328888,0,Low Risk
2018,New Mexico,44,105425.0,0,0.011603376645826493,0,Low Risk
2018,Hawaii,38,179995.0,1,0.06066806149945501,1,High Risk
2019,Oklahoma,40,42000.0,0,0.01146150949586774,0,Low Risk
2019,New Mexico,47,9000.0,0,0.009958372346807848,0,Low Risk
2019,Georgia,25,42000.0,0,0.04307288159274768,0,Medium Risk
2018,Connecticut,30,10.0,0,0.03803046391185402,0,Medium Risk
2018,South Dakota,47,0.0,0,0.018454468526926296,0,Low Risk
2019,California,55,102400.0,0,0.003517382906971943,0,Low Risk
2018,Texas,80,0.0,0,0.0020586720571354623,0,Low Risk
2018,Oregon,26,4902.0,0,0.14302494130692806,1,High Risk
2018,Illinois,74,6285.0,0,0.0024767583500294042,0,Low Risk
2018,California,55,3000.0,0,0.0041600602954342146,0,Low Risk
2018,South Carolina,60,0.0,0,0.008823842893224151,0,Low Risk
2018,California,55,33002.0,0,0.0042440345615710265,0,Low Risk
2019,Hawaii,70,51883.0,0,0.004559855212938581,0,Low Risk
2019,Virginia,63,22800.0,0,0.008871479804248314,0,Low Risk
2019,Florida,39,150040.0,0,0.02623691396108846,0,Low Risk
2018,Maryland,69,21875.0,0,0.004150492023346246,0,Low Risk
2018,Illinois,46,66006.0,0,0.004451271275282279,0,Low Risk
2019,Mississippi,32,30000.0,0,0.015612334313945847,0,Low Risk
2019,Delaware,54,42512.0,0,0.010800871195532672,0,Low Risk
2019,North Carolina,53,70200.0,0,0.0069019283744619474,0,Low Risk
2018,California,70,93964.0,0,0.004432538415256421,0,Low Risk
2018,Connecticut,78,144648.0,0,0.006942588300570123,0,Low Risk
2018,Iowa,27,50000.0,0,0.034526569504422996,0,Medium Risk
2019,South Dakota,55,77000.0,0,0.010643788905826585,0,Low Risk
2018,Mississippi,36,0.0,0,0.013821553824993978,0,Low Risk
2018,Texas,64,45000.0,0,0.005392019395037395,0,Low Risk
2018,Kansas,68,8832.0,0,0.004695726337140597,0,Low Risk
2019,Indiana,64,63161.0,0,0.01101062108531695,0,Low Risk
2018,New Mexico,45,83631.0,0,0.011558651239490394,0,Low Risk
2018,California,36,136032.0,0,0.019378603996544477,0,Low Risk
2018,New York,73,134500.0,0,0.0017027688832240314,0,Low Risk
2019,California,51,100130.0,0,0.003867266658570015,0,Low Risk
2018,New Hampshire,26,26400.0,0,0.0642285355488126,1,High Risk
2019,North Dakota,55,32015.0,0,0.010764704023337889,0,Low Risk
2018,Montana,27,35100.0,0,0.04771163476710415,0,Medium Risk
2018,South Carolina,62,2269.0,0,0.017770533150619276,0,Low Risk
2018,Illinois,32,20000.0,0,0.01150666572385491,0,Low Risk
2019,Wyoming,29,62022.0,1,0.043089239948035776,0,Medium Risk
2019,California,34,48011.0,0,0.013481032945320513,0,Low Risk
2019,Arkansas,85,3168.0,0,0.005517693573982438,0,Low Risk
2019,North Carolina,80,16859.0,0,0.0024338024767888,0,Low Risk
2019,Kansas,66,70415.0,0,0.004812876564733547,0,Low Risk
2019,Idaho,50,20001.0,0,0.015342913902828803,0,Low Risk
2019,New York,51,175000.0,0,0.007149048491355283,0,Low Risk
2018,Wyoming,51,35000.0,0,0.032238221890038186,0,Medium Risk
2019,Nevada,85,35040.0,0,0.015674516677787128,0,Low Risk
2018,Pennsylvania,38,218215.0,0,0.00961140429044252,0,Low Risk
2019,Mississippi,55,66000.0,0,0.00865588194823715,0,Low Risk
2019,New York,55,76210.0,0,0.003695277393251484,0,Low Risk
2019,Kansas,58,15636.0,0,0.00603142573241115,0,Low Risk
2019,Arkansas,39,48530.0,0,0.01811683785208679,0,Low Risk
2018,Texas,46,14002.0,0,0.008159365173362281,0,Low Risk
2018,New York,64,41199.0,0,0.0028065449819984684,0,Low Risk
2018,North Carolina,71,35066.0,0,0.004242023184131517,0,Low Risk
2018,California,62,80577.0,0,0.005754449540520796,0,Low Risk
2018,North Carolina,30,22000.0,0,0.02605755788085581,0,Low Risk
2018,Delaware,70,40517.0,0,0.011891895123852438,0,Low Risk
2018,California,35,46800.0,0,0.01670500965809082,0,Low Risk
2019,Oregon,71,82306.0,0,0.022569447890678194,0,Low Risk
2019,Colorado,47,60051.0,0,0.014320437290447498,0,Low Risk
2018,Michigan,34,30.0,0,0.028342831718483053,0,Medium Risk
2018,Montana,37,148000.0,0,0.03719867186819259,0,Medium Risk
2018,California,39,45000.0,0,0.01083500255683541,0,Low Risk
2019,Iowa,39,22000.0,0,0.024786517603627944,0,Low Risk
2018,Wisconsin,37,71703.0,0,0.0069129766580662754,0,Low Risk
2018,Iowa,24,42692.0,0,0.03551856787996288,0,Medium Risk
2019,North Carolina,36,600.0,0,0.011678581917057044,0,Low Risk
2019,Georgia,51,121520.0,0,0.014111503811754042,0,Low Risk
2018,Wyoming,38,56602.0,0,0.019445505536238326,0,Low Risk
2018,District of Columbia,20,0.0,0,0.026230369454078663,0,Low Risk
2019,South Dakota,61,104122.0,0,0.017776016926834746,0,Low Risk
2019,Washington,22,22000.0,0,0.06412081686835955,1,High Risk
2018,Florida,18,2000.0,0,0.00983708902880903,0,Low Risk
2018,Missouri,20,23920.0,0,0.012744709037619751,0,Low Risk
2018,Oregon,32,91562.0,0,0.05510026963282766,0,Medium Risk
2018,Idaho,57,14119.0,0,0.02022960834106186,0,Low Risk
2019,Delaware,70,143700.0,0,0.007047810550859499,0,Low Risk
2018,North Dakota,39,32000.0,0,0.028406906236140825,0,Medium Risk
2018,Nevada,28,115200.0,0,0.031000796949031025,0,Medium Risk
2019,Louisiana,79,39600.0,0,0.0073915308255531895,0,Low Risk
2018,Florida,69,43200.0,0,0.012336684739084022,0,Low Risk
2018,Colorado,31,54898.0,0,0.041491150524663345,0,Medium Risk
2019,Nevada,33,22000.0,0,0.025760856736800442,0,Low Risk
2019,Ohio,55,20002.0,0,0.003594842417190366,0,Low Risk
2018,Louisiana,33,61701.0,0,0.02889589512430285,0,Medium Risk
2019,South Dakota,28,641.0,0,0.056391026100690696,1,High Risk
2018,Texas,31,60000.0,0,0.08145752405682696,1,High Risk
2019,New York,62,8000.0,0,0.004027738231019439,0,Low Risk
2018,Pennsylvania,40,35270.0,0,0.011103881481986853,0,Low Risk
2019,Washington,63,104250.0,0,0.0063752535042551125,0,Low Risk
2018,California,60,50150.0,0,0.0045937835819608586,0,Low Risk
2019,Oregon,24,4000.0,0,0.08016057715347438,1,High Risk
2019,Texas,37,55265.0,0,0.013013249807940133,0,Low Risk
2019,Alaska,56,47553.0,0,0.012072583864495222,0,Low Risk
2019,Vermont,21,0.0,0,0.030411736576683054,0,Medium Risk
2019,Ohio,64,25001.0,0,0.0029824810752212,0,Low Risk
2019,Hawaii,24,36002.0,0,0.02950328202529956,0,Medium Risk
2018,Texas,40,78324.0,0,0.029453259647765212,0,Medium Risk
2019,South Dakota,45,46202.0,0,0.011709135861257694,0,Low Risk
2019,Kansas,24,20000.0,0,0.03900467488503515,0,Medium Risk
2018,Florida,51,300034.0,0,0.011143204064820536,0,Low Risk
2018,Indiana,39,11016.0,0,0.01725473019551432,0,Low Risk
2018,Hawaii,85,37307.0,0,0.0031886577075948778,0,Low Risk
2019,California,43,12000.0,0,0.004034726568358306,0,Low Risk
2018,North Dakota,80,22140.0,0,0.006767705297760444,0,Low Risk
2018,Montana,22,22502.0,0,0.05720644393150377,1,High Risk
2019,California,21,0.0,0,0.01764823355756299,0,Low Risk
2019,North Dakota,70,150000.0,0,0.007377016979937789,0,Low Risk
2018,Texas,41,83000.0,0,0.014171972205820657,0,Low Risk
2019,Kansas,34,38520.0,0,0.025198655459848254,0,Low Risk
2019,Alabama,66,12191.0,0,0.007145154145702622,0,Low Risk
2019,Mississippi,35,22020.0,0,0.018066339137791352,0,Low Risk
2019,Louisiana,53,10000.0,0,0.00966964857139115,0,Low Risk
2019,Idaho,39,2821.0,0,0.033198254610777536,0,Medium Risk
2018,Connecticut,31,52595.0,0,0.03268426493290426,0,Medium Risk
2019,Alaska,52,89699.0,1,0.028418502381585973,0,Medium Risk
2018,California,23,55800.0,0,0.015903025782512566,0,Low Risk
2018,California,32,60000.0,0,0.02226561040017903,0,Low Risk
2018,Wyoming,58,40416.0,0,0.012432510785236585,0,Low Risk
2019,Nebraska,33,24000.0,0,0.018077603776092584,0,Low Risk
2018,Illinois,24,33001.0,0,0.017958597341739505,0,Low Risk
2018,Florida,30,33000.0,0,0.020602598567034294,0,Low Risk
2019,California,24,44000.0,0,0.043882230571054164,0,Medium Risk
2019,Ohio,67,7205.0,0,0.003996889763346822,0,Low Risk
2018,New Hampshire,27,30000.0,0,0.029944163898180963,0,Medium Risk
2019,California,22,15001.0,0,0.011894325272895896,0,Low Risk
2018,Arkansas,70,47222.0,0,0.0095461249750254,0,Low Risk
2018,New Hampshire,37,12751.0,0,0.018419635188009535,0,Low Risk
2019,Idaho,32,37000.0,0,0.014314966237340403,0,Low Risk
2019,Wisconsin,20,24005.0,0,0.021152520037238297,0,Low Risk
2018,Oregon,80,26496.0,0,0.016213497754824724,0,Low Risk
2019,West Virginia,67,42816.0,0,0.0053023751649513284,0,Low Risk
2018,Arkansas,73,11489.0,0,0.010079693722028724,0,Low Risk
2019,Maine,42,29912.0,0,0.010822098936558664,0,Low Risk
2019,California,43,200100.0,0,0.013852966372244329,0,Low Risk
2018,Oklahoma,54,17012.0,0,0.013039587521689162,0,Low Risk
2019,Missouri,66,20772.0,0,0.00859516899281677,0,Low Risk
2018,Virginia,18,0.0,0,0.031648238406494715,0,Medium Risk
2019,Missouri,21,5100.0,0,0.020596009793995024,0,Low Risk
2019,District of Columbia,64,101000.0,0,0.012008716934567527,0,Low Risk
2019,Alabama,42,11183.0,0,0.01636030288452292,0,Low Risk
2019,Kansas,43,62010.0,0,0.008910477236667338,0,Low Risk
2018,California,58,23604.0,0,0.004581986898035382,0,Low Risk
2018,Mississippi,18,0.0,0,0.006392496090699071,0,Low Risk
2019,Iowa,50,27303.0,0,0.006642534798050746,0,Low Risk
2019,Mississippi,60,15000.0,0,0.010188164185382641,0,Low Risk
2018,New York,30,21669.0,0,0.011348194450439726,0,Low Risk
2018,Hawaii,49,137070.0,0,0.004799633123961984,0,Low Risk
2018,Wyoming,43,75016.0,0,0.024679262210609634,0,Low Risk
2019,Maryland,58,53002.0,0,0.005294206260980867,0,Low Risk
2018,North Dakota,26,28002.0,0,0.05836959552809534,1,High Risk
2018,Idaho,35,25020.0,0,0.02036826892956993,0,Low Risk
2018,South Carolina,37,7000.0,0,0.016922193821163358,0,Low Risk
2018,Colorado,47,121615.0,0,0.01803585124693694,0,Low Risk
2018,Texas,32,20000.0,0,0.013264886334798982,0,Low Risk
2018,Idaho,80,13379.0,0,0.013277802780653446,0,Low Risk
2019,Connecticut,79,12713.0,0,0.006032734615359249,0,Low Risk
2018,Oklahoma,24,29001.0,0,0.02953668398517194,0,Medium Risk
2018,District of Columbia,70,107173.0,0,0.0063125206926399014,0,Low Risk
2018,Hawaii,26,2.0,0,0.019694743569194716,0,Low Risk
2018,West Virginia,40,1.0,0,0.020283317679269997,0,Low Risk
2019,Louisiana,68,42000.0,0,0.00964347361568765,0,Low Risk
2018,Colorado,57,239050.0,0,0.018601204854047093,0,Low Risk
2019,Texas,18,400.0,0,0.01296115985560603,0,Low Risk
2019,North Carolina,57,19000.0,0,0.004281933509043213,0,Low Risk
2018,Vermont,51,196000.0,0,0.011762641305993046,0,Low Risk
2019,Arizona,45,140007.0,0,0.018017228649836237,0,Low Risk
2018,California,77,40221.0,0,0.0030710033805518037,0,Low Risk
2018,Mississippi,43,41200.0,0,0.017009034740001084,0,Low Risk
2019,Texas,80,8400.0,0,0.0023075784599638893,0,Low Risk
2019,New York,39,33405.0,0,0.009719364444969816,0,Low Risk
2018,Rhode Island,59,70.0,0,0.009840242816722133,0,Low Risk
2019,New York,47,82730.0,0,0.005451555445795904,0,Low Risk
2019,Louisiana,59,74101.0,0,0.006978918918426035,0,Low Risk
2019,Massachusetts,48,115000.0,0,0.003452195612394928,0,Low Risk
2018,Wisconsin,40,15400.0,0,0.016022812173457347,0,Low Risk
2018,New York,49,7002.0,0,0.008822186459724162,0,Low Risk
2018,Utah,85,29502.0,0,0.012870812995369518,0,Low Risk
2019,Illinois,63,2351.0,0,0.011177256299451958,0,Low Risk
2019,Texas,39,60100.0,0,0.013731533950859926,0,Low Risk
2018,Utah,37,0.0,0,0.025161101468270514,0,Low Risk
2019,Kentucky,65,80000.0,0,0.007413729269443849,0,Low Risk
2019,Pennsylvania,26,0.0,1,0.03259662166681035,0,Medium Risk
2018,Pennsylvania,44,39000.0,0,0.004169895826143671,0,Low Risk
2018,Colorado,66,38160.0,0,0.012961192563696704,0,Low Risk
2019,South Dakota,34,26000.0,0,0.0294260862932226,0,Medium Risk
2019,Louisiana,41,41000.0,0,0.01814431263176785,0,Low Risk
2019,California,85,23518.0,0,0.0027800236435096843,0,Low Risk
2018,Texas,43,8000.0,0,0.017451552391608744,0,Low Risk
2018,Texas,21,0.0,0,0.01462146601062827,0,Low Risk
2019,California,80,15095.0,0,0.0031911024586979003,0,Low Risk
2018,New Mexico,57,8796.0,0,0.00877927348715054,0,Low Risk
2019,Indiana,20,34105.0,0,0.0153887032671963,0,Low Risk
2019,North Carolina,31,4400.0,0,0.03530765415254736,0,Medium Risk
2019,California,56,17000.0,0,0.006567636423446695,0,Low Risk
2019,Missouri,61,85183.0,0,0.007146306328576879,0,Low Risk
2019,Alabama,76,47100.0,0,0.005496104552840667,0,Low Risk
2019,New Jersey,72,67.0,0,0.0037012151450164753,0,Low Risk
2019,South Carolina,52,0.0,0,0.010776879642169054,0,Low Risk
2018,Georgia,28,21000.0,0,0.06177352818948953,1,High Risk
2018,North Dakota,51,74003.0,0,0.010529633064119713,0,Low Risk
2019,West Virginia,78,10619.0,0,0.007506053045582928,0,Low Risk
2018,Delaware,69,78000.0,0,0.009166053262424024,0,Low Risk
2019,District of Columbia,78,14928.0,0,0.00514266566139492,0,Low Risk
2018,Florida,67,45777.0,0,0.01039151096111846,0,Low Risk
2019,New Hampshire,72,117799.0,0,0.012263695789644796,0,Low Risk
2019,Louisiana,20,2500.0,0,0.02942783281327203,0,Medium Risk
2019,New Jersey,45,44408.0,0,0.0046068409971343,0,Low Risk
2018,New York,61,80800.0,0,0.004353664554732918,0,Low Risk
2019,Wisconsin,66,70811.0,0,0.004935467621635267,0,Low Risk
2018,Pennsylvania,56,18149.0,0,0.007067694404528298,0,Low Risk
2018,West Virginia,48,0.0,0,0.008141447477018535,0,Low Risk
2019,Louisiana,40,21000.0,0,0.016697478619487005,0,Low Risk
2019,New Hampshire,58,48057.0,0,0.008589615304987076,0,Low Risk
2018,Virginia,25,55203.0,0,0.04062409359858905,0,Medium Risk
2019,Massachusetts,58,85107.0,0,0.0030349631677229825,0,Low Risk
2018,North Dakota,68,7259.0,0,0.009240923308198338,0,Low Risk
2018,Texas,38,48000.0,0,0.014666168188058805,0,Low Risk
2019,Louisiana,33,82251.0,0,0.03720189589856941,0,Medium Risk
2019,South Carolina,47,0.0,0,0.015074827853326454,0,Low Risk
2019,Massachusetts,18,6002.0,0,0.0036467585557250527,0,Low Risk
2018,Tennessee,27,40000.0,0,0.027727969113690822,0,Low Risk
2018,California,23,60003.0,0,0.018909265476596653,0,Low Risk
2019,Oregon,70,38159.0,0,0.014739032589184633,0,Low Risk
2018,New Jersey,49,235000.0,0,0.003308991675615611,0,Low Risk
2019,New Mexico,43,63660.0,0,0.01072378743737407,0,Low Risk
2019,Indiana,25,45000.0,0,0.029088328939626394,0,Medium Risk
2019,West Virginia,64,10859.0,0,0.007723269831017827,0,Low Risk
2018,Nebraska,85,18828.0,0,0.008631563390574507,0,Low Risk
2018,Oregon,68,11497.0,0,0.018552709950501695,0,Low Risk
2018,Hawaii,58,3.0,0,0.006559798581867389,0,Low Risk
2018,North Carolina,42,25000.0,0,0.0062520008019891615,0,Low Risk
2018,Michigan,47,58003.0,0,0.0058113594404621185,0,Low Risk
2018,Nevada,76,8820.0,0,0.019618337806626848,0,Low Risk
2018,Michigan,54,200029.0,0,0.00791811819836798,0,Low Risk
2019,Washington,37,50000.0,0,0.020385786684478043,0,Low Risk
2019,Louisiana,35,20001.0,0,0.010209506589510017,0,Low Risk
2018,Georgia,40,126178.0,0,0.029129444351042075,0,Medium Risk
2019,New Mexico,76,7259.0,0,0.005908187469801344,0,Low Risk
2019,Montana,30,24000.0,0,0.05962097285065045,1,High Risk
2018,Indiana,18,2.0,0,0.005531190821183182,0,Low Risk
2018,Washington,39,0.0,0,0.026640266401481847,0,Low Risk
2019,Louisiana,80,16400.0,0,0.020307437606184107,0,Low Risk
2018,District of Columbia,27,60000.0,0,0.08484664083254298,1,High Risk
2019,South Carolina,70,0.0,0,0.003262174785616118,0,Low Risk
2018,Virginia,34,158800.0,0,0.0853136403499301,1,High Risk
2018,Mississippi,52,30448.0,0,0.011966901486387379,0,Low Risk
2018,Washington,55,41058.0,0,0.007690287147549567,0,Low Risk
2018,Alabama,69,29124.0,0,0.004883388691387483,0,Low Risk
2019,Texas,25,100000.0,0,0.020064354296698676,0,Low Risk
2019,Idaho,36,48550.0,0,0.020954436060003905,0,Low Risk
2019,Pennsylvania,62,35606.0,0,0.008962682406935776,0,Low Risk
2019,Nevada,49,42700.0,0,0.013430120103544468,0,Low Risk
2018,California,80,20900.0,0,0.003818921094382141,0,Low Risk
2018,Virginia,50,51000.0,0,0.012006661668882526,0,Low Risk
2019,Texas,34,20000.0,0,0.022911554779819262,0,Low Risk
2018,California,24,0.0,0,0.020351326525150648,0,Low Risk
2018,West Virginia,34,30002.0,0,0.012964573858034319,0,Low Risk
2019,West Virginia,39,36400.0,0,0.012021893172943065,0,Low Risk
2018,Pennsylvania,20,0.0,0,0.022020628324277054,0,Low Risk
2019,California,71,11087.0,0,0.004039321843658805,0,Low Risk
2018,New Jersey,62,125337.0,0,0.002739008723107131,0,Low Risk
2019,New York,45,25005.0,0,0.0035249208351378143,0,Low Risk
2018,Arkansas,29,35000.0,0,0.02761166880726314,0,Low Risk
2018,New York,45,28020.0,0,0.003014551535033918,0,Low Risk
2019,Louisiana,53,20229.0,0,0.007413686094135426,0,Low Risk
2018,California,44,0.0,0,0.002957445998634667,0,Low Risk
2019,Texas,18,0.0,0,0.005482156008531028,0,Low Risk
2019,California,21,45354.0,0,0.014732928618359223,0,Low Risk
2018,Pennsylvania,58,9360.0,0,0.003978823121035587,0,Low Risk
2018,Georgia,59,7644.0,0,0.013727724785497263,0,Low Risk
2019,California,69,38194.0,0,0.0034290750989160114,0,Low Risk
2019,Texas,85,32200.0,0,0.0035532030773567573,0,Low Risk
2019,Kentucky,38,58726.0,0,0.013649222155196431,0,Low Risk
2019,North Carolina,33,50120.0,0,0.01257965021871933,0,Low Risk
2019,Michigan,78,4906.0,0,0.0021405323366051675,0,Low Risk
2018,Kansas,35,0.0,0,0.03759803969004372,0,Medium Risk
2018,Alabama,72,6540.0,0,0.0039927744828915125,0,Low Risk
2018,Virginia,77,51272.0,0,0.004440152945737389,0,Low Risk
2018,Utah,54,18067.0,0,0.013902017969904618,0,Low Risk
2018,Texas,41,80003.0,0,0.017731238525413074,0,Low Risk
2019,Utah,40,150071.0,0,0.029064437144115073,0,Medium Risk
2019,District of Columbia,23,66100.0,0,0.26597605481240844,1,High Risk
2019,New York,36,0.0,0,0.011447664243550308,0,Low Risk
2019,New Mexico,59,21000.0,0,0.011554239383389604,0,Low Risk
2018,Arkansas,70,17729.0,0,0.007310298894582606,0,Low Risk
2018,Michigan,45,0.0,0,0.006463266651388955,0,Low Risk
2019,West Virginia,56,14700.0,0,0.006861693541565547,0,Low Risk
2018,Michigan,34,32000.0,0,0.00873781123295894,0,Low Risk
2019,Montana,64,80051.0,0,0.01100102036314243,0,Low Risk
2019,Kentucky,75,14920.0,0,0.01944611943787962,0,Low Risk
2019,Wyoming,63,16248.0,0,0.015785135254401682,0,Low Risk
2019,Michigan,57,9600.0,0,0.0033950829155594683,0,Low Risk
2019,Nebraska,73,27921.0,0,0.010472652995468965,0,Low Risk
2018,Mississippi,19,3156.0,0,0.007297832236665158,0,Low Risk
2018,New Mexico,64,4800.0,0,0.008251427080424478,0,Low Risk
2019,Hawaii,61,32010.0,0,0.018659678401957876,0,Low Risk
2019,Florida,67,24000.0,0,0.00933651821956994,0,Low Risk
2019,Illinois,33,20010.0,0,0.008566847848756335,0,Low Risk
2019,Wisconsin,34,0.0,0,0.026311212395478848,0,Low Risk
2018,South Carolina,20,22000.0,0,0.021437477410243714,0,Low Risk
2019,Washington,72,12162.0,0,0.0038073201948147996,0,Low Risk
2019,Idaho,44,145001.0,0,0.027931610980332804,0,Low Risk
2019,Rhode Island,55,28919.0,0,0.006736469477531712,0,Low Risk
2018,Idaho,34,56488.0,0,0.013882964529412633,0,Low Risk
2018,California,80,14343.0,0,0.003897879692919329,0,Low Risk
2019,Wyoming,56,7001.0,0,0.019629259869508742,0,Low Risk
2019,New York,56,26724.0,0,0.00404286868797971,0,Low Risk
2019,California,28,9612.0,0,0.010399637763070867,0,Low Risk
2018,New York,54,56363.0,0,0.0032669667580938117,0,Low Risk
2018,Kentucky,37,55000.0,0,0.01375257168289034,0,Low Risk
2018,Florida,85,7202.0,0,0.006339743959470582,0,Low Risk
2018,Alabama,71,80113.0,0,0.005969591823603522,0,Low Risk
2018,Tennessee,42,73001.0,0,0.014952083989395439,0,Low Risk
2019,Iowa,51,70011.0,0,0.007099985643745971,0,Low Risk
2018,Nebraska,32,31700.0,0,0.022969981064945705,0,Low Risk
2018,Indiana,49,57002.0,0,0.009956724159156084,0,Low Risk
2019,Ohio,38,50000.0,0,0.011069487816038472,0,Low Risk
2019,New York,69,84033.0,0,0.0029006700690764413,0,Low Risk
2018,Texas,75,0.0,0,0.0055758955006742624,0,Low Risk
2019,Ohio,34,68251.0,0,0.011143059076759339,0,Low Risk
2019,Kentucky,25,13000.0,0,0.030581156623911494,0,Medium Risk
2018,Illinois,48,48828.0,0,0.004723437586606656,0,Low Risk
2019,Washington,41,66450.0,0,0.015371950656894721,0,Low Risk
2019,South Dakota,37,29600.0,0,0.029753731984940635,0,Medium Risk
2019,Illinois,18,2000.0,0,0.006841169694047629,0,Low Risk
2018,New York,25,0.0,0,0.00912331692868068,0,Low Risk
2018,Washington,36,24205.0,0,0.025450329719198625,0,Low Risk
2018,Michigan,31,0.0,0,0.029013762121998864,0,Medium Risk
2019,Ohio,65,17916.0,0,0.004865244976085207,0,Low Risk
2018,Louisiana,47,65000.0,0,0.006990655589300664,0,Low Risk
2018,Louisiana,69,81214.0,0,0.0075259891785031076,0,Low Risk
2018,Tennessee,42,30000.0,0,0.020972981998710786,0,Low Risk
2018,Louisiana,80,12833.0,0,0.005855373438234955,0,Low Risk
2018,New Mexico,38,81.0,0,0.016125984450869865,0,Low Risk
2019,California,75,17052.0,0,0.007682115611973906,0,Low Risk
2019,California,33,32005.0,0,0.00704309631039875,0,Low Risk
2018,Texas,70,7200.0,0,0.002243436268963871,0,Low Risk
2019,California,49,36000.0,0,0.004372767942178508,0,Low Risk
2019,Wisconsin,21,10402.0,0,0.01603724313482031,0,Low Risk
2018,Maryland,63,147010.0,0,0.004705096490560063,0,Low Risk
2019,Delaware,75,23850.0,0,0.0078094805180043995,0,Low Risk
2018,Montana,25,9550.0,0,0.06598395347303955,1,High Risk
2019,Texas,71,3384.0,0,0.002940736873403224,0,Low Risk
2018,Arkansas,47,52000.0,0,0.010431507237315948,0,Low Risk
2019,New Jersey,64,9684.0,0,0.0038442752807693837,0,Low Risk
2018,California,22,6500.0,0,0.011241286397949224,0,Low Risk
2019,Mississippi,36,28000.0,0,0.010713968729098383,0,Low Risk
2018,Ohio,25,36006.0,0,0.012558237030137661,0,Low Risk
2018,Colorado,42,105088.0,0,0.01447618422253522,0,Low Risk
2019,Virginia,63,12568.0,0,0.00997705278599423,0,Low Risk
2018,Missouri,64,48059.0,0,0.005946024254633272,0,Low Risk
2018,Virginia,36,0.0,0,0.042877939501086065,0,Medium Risk
2019,California,40,135510.0,0,0.007132919687848371,0,Low Risk
2018,California,54,55000.0,0,0.005278131043851314,0,Low Risk
2018,Pennsylvania,73,50542.0,0,0.007109659681277333,0,Low Risk
2018,New Hampshire,66,16869.0,0,0.009580588320752616,0,Low Risk
2019,California,58,45000.0,0,0.004182355941992974,0,Low Risk
2018,Arizona,53,11016.0,0,0.010721756770922589,0,Low Risk
2018,Massachusetts,40,102461.0,0,0.011857482982480957,0,Low Risk
2018,New Hampshire,60,21000.0,0,0.01240070027073438,0,Low Risk
2019,Wyoming,29,52646.0,0,0.07454614630856742,1,High Risk
2018,California,72,2400.0,0,0.003743453209222984,0,Low Risk
2019,California,52,138500.0,0,0.008213686752142374,0,Low Risk
2019,Maryland,26,0.0,0,0.015428209798736327,0,Low Risk
2018,Alabama,24,11000.0,0,0.08107507720712866,1,High Risk
2018,Montana,55,36050.0,0,0.016720933633302737,0,Low Risk
2018,California,25,33000.0,0,0.036253923091217756,0,Medium Risk
2019,New York,46,143020.0,0,0.004450183113861272,0,Low Risk
2019,Illinois,63,80005.0,0,0.004850598003601507,0,Low Risk
2019,Washington,44,278971.0,0,0.009209905847706973,0,Low Risk
2018,New York,18,8400.0,0,0.008117767558299507,0,Low Risk
2019,Wisconsin,66,156660.0,0,0.007418016836212394,0,Low Risk
2018,California,22,0.0,0,0.009048433234077218,0,Low Risk
2018,Arkansas,52,40002.0,0,0.011117894785020122,0,Low Risk
2019,Florida,43,63960.0,0,0.014027368688060015,0,Low Risk
2019,Kansas,40,0.0,0,0.025094260483429942,0,Low Risk
2018,Ohio,32,60401.0,0,0.014473476392294434,0,Low Risk
2019,New York,69,25300.0,0,0.002285817825540668,0,Low Risk
2019,Louisiana,39,15125.0,0,0.029429964403475367,0,Medium Risk
2018,Illinois,39,390010.0,0,0.01636595595272251,0,Low Risk
2019,Utah,52,79330.0,0,0.014500416398996248,0,Low Risk
2019,Illinois,31,30000.0,0,0.00928661646463637,0,Low Risk
2019,California,35,80000.0,0,0.006923698066199992,0,Low Risk
2019,Minnesota,39,35000.0,0,0.0092567852639984,0,Low Risk
2019,New York,58,10920.0,0,0.005570071833730641,0,Low Risk
2018,Montana,70,37087.0,0,0.00853579745801504,0,Low Risk
2018,Tennessee,26,80210.0,0,0.027607371106831983,0,Low Risk
2019,Wyoming,36,61121.0,0,0.029757253867121466,0,Medium Risk
2019,Arkansas,28,9659.0,0,0.03183930553138325,0,Medium Risk
2019,New Mexico,41,0.0,0,0.009226661240501234,0,Low Risk
2019,Illinois,65,175448.0,0,0.007220175064301735,0,Low Risk
2018,North Dakota,62,65000.0,0,0.009535595106538616,0,Low Risk
2018,Georgia,70,36786.0,0,0.0036083554618953685,0,Low Risk
2018,Montana,62,100105.0,0,0.02429228903497715,0,Low Risk
2018,Florida,53,73494.0,0,0.014926952066640789,0,Low Risk
2019,Oklahoma,56,2500.0,0,0.010217007274010644,0,Low Risk
2019,California,49,48600.0,0,0.004113529048617368,0,Low Risk
2018,Wisconsin,29,50201.0,0,0.016098967614527743,0,Low Risk
2018,Louisiana,35,0.0,0,0.007619585908103835,0,Low Risk
2018,Alabama,23,6000.0,0,0.0314318735586141,0,Medium Risk
2018,California,45,24794.0,0,0.005363689062718383,0,Low Risk
2018,Virginia,18,11472.0,0,0.02053847101700876,0,Low Risk
2019,Ohio,66,23789.0,0,0.005431175972206993,0,Low Risk
2019,Colorado,21,23030.0,0,0.04410878686796434,0,Medium Risk
2018,California,50,50034.0,0,0.003797855232880247,0,Low Risk
2019,New York,47,8808.0,0,0.0031087479202402163,0,Low Risk
2018,Connecticut,63,53004.0,0,0.004783726982627973,0,Low Risk
2019,New York,56,20080.0,0,0.002625525856963875,0,Low Risk
2018,Alabama,26,29000.0,0,0.029830617051315848,0,Medium Risk
2019,Nebraska,31,15507.0,0,0.03614489071141065,0,Medium Risk
2019,New York,56,94400.0,0,0.0038172181253100478,0,Low Risk
2018,Georgia,46,16100.0,0,0.014687868399799558,0,Low Risk
2019,California,80,392008.0,0,0.005365428320962676,0,Low Risk
2018,New Jersey,19,0.0,0,0.0062009715544226775,0,Low Risk
2019,Georgia,69,23129.0,0,0.007718903722589073,0,Low Risk
2019,South Dakota,19,13527.0,0,0.029555465437572773,0,Medium Risk
2019,District of Columbia,44,102750.0,0,0.014850159685984134,0,Low Risk
2018,Ohio,26,20850.0,0,0.014251211060747577,0,Low Risk
2019,Montana,56,48003.0,0,0.01760817443220382,0,Low Risk
2018,Alaska,37,97042.0,0,0.03486725451222352,0,Medium Risk
2019,Washington,54,110075.0,0,0.005228875988866264,0,Low Risk
2019,Ohio,68,33267.0,0,0.007608602722500009,0,Low Risk
2019,Nevada,29,52025.0,0,0.046028746292433115,0,Medium Risk
2018,Nevada,19,0.0,0,0.015255623774598642,0,Low Risk
2019,California,40,86023.0,0,0.0046406650020598,0,Low Risk
2018,Arizona,76,142747.0,0,0.03234060987528554,0,Medium Risk
2019,New Hampshire,37,57041.0,0,0.013387217050724508,0,Low Risk
2018,California,31,49000.0,0,0.021200557668805065,0,Low Risk
2018,New York,49,10008.0,0,0.005715441573741043,0,Low Risk
2018,North Dakota,71,50840.0,0,0.007955021912469934,0,Low Risk
2019,California,55,42000.0,0,0.00418696234650022,0,Low Risk
2018,Nevada,68,80040.0,0,0.01845028745456702,0,Low Risk
2018,New Mexico,61,29017.0,0,0.005626717117386485,0,Low Risk
2019,New Jersey,40,504.0,0,0.011593292602781814,0,Low Risk
2019,California,36,55355.0,1,0.014747671094300172,0,Low Risk
2018,California,54,7279.0,0,0.0036777428590002185,0,Low Risk
2019,North Carolina,46,150.0,0,0.010288185822040751,0,Low Risk
2019,Mississippi,71,25200.0,0,0.007093382597126993,0,Low Risk
2019,Illinois,35,92100.0,0,0.009561773776587627,0,Low Risk
2018,Missouri,48,35000.0,0,0.006240672186298563,0,Low Risk
2019,Michigan,55,400.0,0,0.003808201571929144,0,Low Risk
2019,Rhode Island,55,96651.0,0,0.004722686423501324,0,Low Risk
2019,Iowa,70,39320.0,0,0.01472621235346995,0,Low Risk
2019,California,80,0.0,0,0.00430802679083929,0,Low Risk
2019,California,57,38058.0,0,0.006264849472611995,0,Low Risk
2018,Montana,60,60790.0,0,0.015974337821674383,0,Low Risk
2019,California,47,62076.0,0,0.004272545042959343,0,Low Risk
2018,Tennessee,62,63800.0,0,0.007980021760207144,0,Low Risk
2018,Massachusetts,74,14551.0,0,0.0021217190923904826,0,Low Risk
2018,Texas,66,6504.0,0,0.009236149074925672,0,Low Risk
2018,Vermont,41,132014.0,0,0.04296102144945312,0,Medium Risk
2019,New Hampshire,80,18703.0,0,0.008846320693500605,0,Low Risk
2019,Delaware,48,26000.0,0,0.013107631247558317,0,Low Risk
2018,West Virginia,32,19300.0,0,0.025747130213268726,0,Low Risk
2018,Louisiana,55,62007.0,0,0.006909240502806903,0,Low Risk
2019,Washington,56,45000.0,0,0.008095149992585485,0,Low Risk
2018,Colorado,33,78000.0,0,0.0473982935415736,0,Medium Risk
2018,Hawaii,85,76295.0,0,0.004096839731984649,0,Low Risk
2019,Nevada,44,34000.0,0,0.017117553553407196,0,Low Risk
2018,Iowa,70,74530.0,0,0.00650161156222002,0,Low Risk
2018,New Jersey,18,2500.0,0,0.003069751102554667,0,Low Risk
2018,Florida,28,80028.0,0,0.02534180877295141,0,Low Risk
2019,Florida,32,81582.0,0,0.025191450807204602,0,Low Risk
2018,Michigan,71,12855.0,0,0.0018555795902550363,0,Low Risk
2018,New York,48,52000.0,0,0.003293438524460488,0,Low Risk
2018,Arizona,72,15614.0,0,0.01146791334968155,0,Low Risk
2019,New Jersey,41,55000.0,0,0.0036978118344296322,0,Low Risk
2018,Florida,26,0.0,0,0.020439663385773688,0,Low Risk
2019,California,65,78905.0,0,0.005466008400189027,0,Low Risk
2019,Illinois,59,20000.0,0,0.0030963480048617513,0,Low Risk
2019,New Hampshire,72,81199.0,0,0.008101732052301181,0,Low Risk
2019,Montana,85,20400.0,0,0.007935453823995763,0,Low Risk
2018,Texas,33,83200.0,0,0.039914756506867925,0,Medium Risk
2018,Oregon,85,14399.0,0,0.01689530425652518,0,Low Risk
2019,California,44,10.0,0,0.006589587956274782,0,Low Risk
2018,District of Columbia,61,171519.0,0,0.016905928479488345,0,Low Risk
2019,Oregon,24,16000.0,0,0.05473973737692531,0,Medium Risk
2018,California,28,47000.0,0,0.01423079562313997,0,Low Risk
2019,Oklahoma,31,27240.0,0,0.023112410810969614,0,Low Risk
2019,California,52,90025.0,0,0.005011365654731466,0,Low Risk
2018,North Carolina,55,37100.0,0,0.00458856414185444,0,Low Risk
2018,Nebraska,74,50020.0,0,0.005410603357280503,0,Low Risk
2018,Colorado,47,7700.0,0,0.025314137056679606,0,Low Risk
2018,Indiana,65,54133.0,0,0.011536830553806367,0,Low Risk
2019,Texas,59,0.0,0,0.006972408894064228,0,Low Risk
2019,New York,39,176045.0,0,0.006124126950602927,0,Low Risk
2018,District of Columbia,22,25192.0,0,0.020008263287215562,0,Low Risk
2018,Idaho,26,0.0,0,0.04954234028400635,0,Medium Risk
2019,Vermont,80,7077.0,0,0.005929522657050536,0,Low Risk
2019,Texas,24,5.0,0,0.017736117611858667,0,Low Risk
2018,California,25,19052.0,0,0.009417734971252738,0,Low Risk
2019,Idaho,31,0.0,0,0.04026247659450518,0,Medium Risk
2018,New Jersey,46,462515.0,0,0.0048132535571310045,0,Low Risk
2019,Massachusetts,24,35000.0,0,0.0237550977542812,0,Low Risk
2019,California,18,1050.0,0,0.005859804735109511,0,Low Risk
2018,South Dakota,63,25034.0,0,0.014729335175299436,0,Low Risk
2018,Idaho,80,9659.0,0,0.01799859795004398,0,Low Risk
2019,California,50,26000.0,0,0.004228812344711266,0,Low Risk
2019,Colorado,31,11.0,0,0.05562033008481302,0,Medium Risk
2018,Hawaii,54,36103.0,0,0.0034117212645523626,0,Low Risk
2018,New York,67,6500.0,0,0.0020157613355203195,0,Low Risk
2018,Wyoming,27,11185.0,0,0.058069214086612045,1,High Risk
2018,Massachusetts,24,36002.0,0,0.09700845484749622,1,High Risk
2019,New York,85,13200.0,0,0.0019031947421197135,0,Low Risk
2019,Texas,50,250700.0,0,0.029398498773671088,0,Medium Risk
2019,Ohio,35,50100.0,0,0.012180848730171867,0,Low Risk
2018,Wisconsin,31,5202.0,0,0.04251987763088367,0,Medium Risk
2018,West Virginia,29,40000.0,0,0.024302460789457987,0,Low Risk
2019,New Jersey,55,0.0,0,0.005270408406077949,0,Low Risk
2018,Wyoming,44,57560.0,0,0.013953897347149354,0,Low Risk
2019,West Virginia,24,50800.0,0,0.03176906022908507,0,Medium Risk
2018,Utah,55,36000.0,0,0.011310000417528795,0,Low Risk
2019,Massachusetts,60,46102.0,0,0.0027779743528898587,0,Low Risk
2019,California,27,50006.0,0,0.05687103510249418,1,High Risk
2019,Hawaii,31,3600.0,0,0.03914835865481076,0,Medium Risk
2019,Illinois,43,50000.0,0,0.004957748848146141,0,Low Risk
2018,Connecticut,22,2400.0,0,0.019013134647015196,0,Low Risk
2019,Wisconsin,27,65215.0,0,0.021652528971567782,0,Low Risk
2018,Vermont,58,29590.0,0,0.00844400927224136,0,Low Risk
2018,Virginia,64,55000.0,0,0.007060191906276575,0,Low Risk
2019,California,28,0.0,0,0.010438865021771031,0,Low Risk
2018,Utah,53,55000.0,0,0.012687281561119658,0,Low Risk
2018,Delaware,68,13200.0,0,0.009359278978419905,0,Low Risk
2018,Illinois,70,52008.0,0,0.0026861779645121534,0,Low Risk
2018,Florida,75,18816.0,0,0.021229989834677027,0,Low Risk
2018,Kansas,44,85002.0,0,0.007327432010494613,0,Low Risk
2018,California,42,80969.0,0,0.010248336697862513,0,Low Risk
2018,Delaware,85,15722.0,0,0.009746231579197837,0,Low Risk
2018,District of Columbia,36,95042.0,0,0.06724478909841444,1,High Risk
2019,Maryland,41,15600.0,0,0.008467403898767354,0,Low Risk
2019,Minnesota,52,80130.0,0,0.006688655061200197,0,Low Risk
2018,California,43,11255.0,0,0.005292447467392071,0,Low Risk
2018,Florida,40,0.0,0,0.012948677815074958,0,Low Risk
2018,Montana,68,103749.0,0,0.012507434364499116,0,Low Risk
2019,Connecticut,26,50000.0,0,0.02432889864032829,0,Low Risk
2018,District of Columbia,31,101020.0,0,0.09595292850635254,1,High Risk
2018,Illinois,21,20001.0,0,0.010907269616567041,0,Low Risk
2019,Vermont,63,30773.0,0,0.007810903055746836,0,Low Risk
2018,New Mexico,80,10392.0,0,0.004288322447533989,0,Low Risk
2019,Vermont,34,300007.0,0,0.030177787295575267,0,Medium Risk
2019,Texas,44,35000.0,0,0.007401185712640663,0,Low Risk
2019,Indiana,50,22000.0,0,0.011922955108727155,0,Low Risk
2019,New York,20,0.0,1,0.005008362637397811,0,Low Risk
2018,Florida,39,89008.0,0,0.02030634168491097,0,Low Risk
2019,California,45,37000.0,0,0.00311956418049645,0,Low Risk
2019,New Jersey,85,28140.0,0,0.0022281723763102686,0,Low Risk
2019,Louisiana,33,56152.0,0,0.03160915121546476,0,Medium Risk
2018,Virginia,32,50011.0,0,0.027662331904450183,0,Low Risk
2018,Florida,50,70500.0,0,0.012424394584273534,0,Low Risk
2018,Tennessee,68,16883.0,0,0.004690738630141238,0,Low Risk
2018,District of Columbia,42,88451.0,0,0.025546942417735287,0,Low Risk
2018,New York,40,9020.0,0,0.006969807490340549,0,Low Risk
2018,Arkansas,62,23240.0,0,0.014670251637311275,0,Low Risk
2018,Indiana,51,24000.0,0,0.011160901068012001,0,Low Risk
2018,Texas,70,11808.0,0,0.0037181541394630336,0,Low Risk
2018,Illinois,40,0.0,0,0.011219361645116886,0,Low Risk
2018,California,36,80000.0,0,0.006923698066199992,0,Low Risk
2018,Florida,60,29600.0,0,0.013832570038969243,0,Low Risk
2019,New York,69,13596.0,0,0.002588644358170368,0,Low Risk
2019,Illinois,62,40901.0,0,0.002693821739904047,0,Low Risk
2018,California,69,16620.0,0,0.0037212175936917,0,Low Risk
2018,California,51,100000.0,0,0.005846880789463791,0,Low Risk
2019,California,61,0.0,0,0.003203460958074888,0,Low Risk
2018,Alabama,48,12924.0,0,0.010429464566023457,0,Low Risk
2018,South Carolina,21,4000.0,0,0.02891544143842311,0,Medium Risk
2019,Montana,45,2.0,0,0.02923538943516329,0,Medium Risk
2019,Massachusetts,42,100202.0,0,0.011764399494116114,0,Low Risk
2019,Washington,33,64055.0,0,0.02469646638181222,0,Low Risk
2019,West Virginia,35,20074.0,0,0.01816396164434031,0,Low Risk
2018,District of Columbia,58,10000.0,0,0.022378328674847913,0,Low Risk
2018,Kansas,31,118030.0,0,0.03506782679653576,0,Medium Risk
2019,Georgia,31,60000.0,0,0.046061582155404554,0,Medium Risk
2019,California,85,25816.0,0,0.004644518745960314,0,Low Risk
2019,Wisconsin,59,28001.0,0,0.005405138242406104,0,Low Risk
2018,California,20,10120.0,0,0.00940154316809051,0,Low Risk
2018,California,25,0.0,0,0.010552855858467476,0,Low Risk
2018,Montana,69,24303.0,0,0.011996870518862621,0,Low Risk
2019,Washington,36,40000.0,0,0.026302372582604115,0,Low Risk
2018,Washington,35,20021.0,0,0.024730003683827374,0,Low Risk
2018,Florida,68,8459.0,0,0.007984891639743306,0,Low Risk
2019,California,27,130702.0,0,0.04369483945351979,0,Medium Risk
2018,Wisconsin,25,35958.0,0,0.016429901680431142,0,Low Risk
2019,Texas,59,80050.0,0,0.010112645438607676,0,Low Risk
2018,Wyoming,58,30510.0,0,0.014716018242127826,0,Low Risk
2019,Indiana,20,6000.0,0,0.012627372996120054,0,Low Risk
2019,Arizona,19,18001.0,0,0.01855839867051061,0,Low Risk
2019,Utah,48,30909.0,0,0.016587943462118702,0,Low Risk
2019,Connecticut,28,60252.0,1,0.04530860888513976,0,Medium Risk
2019,Michigan,60,262802.0,0,0.003666736452418838,0,Low Risk
2018,Louisiana,58,15.0,0,0.008960783261358142,0,Low Risk
2019,California,59,19000.0,0,0.0034901833704334135,0,Low Risk
2019,Arkansas,39,47001.0,0,0.012849280518020319,0,Low Risk
2018,West Virginia,79,75491.0,0,0.008305382766098438,0,Low Risk
2019,Florida,53,25200.0,0,0.01417817303835097,0,Low Risk
2019,Oregon,42,105425.0,0,0.07061225753421185,1,High Risk
2019,Maryland,37,92508.0,0,0.025318403894570317,0,Low Risk
2019,Louisiana,49,89136.0,0,0.013683428024543929,0,Low Risk
2019,Wyoming,75,30068.0,0,0.007610203529044137,0,Low Risk
2018,West Virginia,51,53400.0,0,0.009396779178076494,0,Low Risk
2018,Missouri,41,39003.0,0,0.009366456599430546,0,Low Risk
2018,California,59,35000.0,0,0.0056524401316142584,0,Low Risk
2018,Arizona,59,3060.0,0,0.00986271571176829,0,Low Risk
2019,Florida,74,36400.0,0,0.011118259376414431,0,Low Risk
2019,Texas,30,26400.0,0,0.018788033197251926,0,Low Risk
2018,New Hampshire,71,39618.0,0,0.008715802963582124,0,Low Risk
2018,Arizona,21,25000.0,0,0.028735765512958124,0,Medium Risk
2018,Florida,36,48000.0,0,0.016453821087235185,0,Low Risk
2019,Florida,85,14401.0,0,0.018225901931361563,0,Low Risk
2018,Georgia,54,67010.0,0,0.013469618755013252,0,Low Risk
2019,California,30,30000.0,0,0.012048313952542137,0,Low Risk
2019,South Dakota,20,10000.0,0,0.04816035921353654,0,Medium Risk
2018,Mississippi,63,68801.0,0,0.011971554972552907,0,Low Risk
2019,South Carolina,33,175230.0,0,0.024249073232734005,0,Low Risk
2018,Kansas,75,9849.0,0,0.0038903454452983407,0,Low Risk
2018,Hawaii,74,37859.0,0,0.004127689986175828,0,Low Risk
2019,Alabama,54,0.0,0,0.011746883749749006,0,Low Risk
2018,Virginia,72,25200.0,0,0.004763186178368293,0,Low Risk
2019,North Dakota,29,186.0,0,0.10851805156078903,1,High Risk
2019,Oregon,49,33245.0,0,0.014654296582170996,0,Low Risk
2019,Mississippi,19,0.0,0,0.009998596301581151,0,Low Risk
2019,Idaho,37,29600.0,0,0.012470304093209957,0,Low Risk
2018,Arkansas,19,22500.0,0,0.021593654944656135,0,Low Risk
2018,North Carolina,33,3.0,0,0.028181205272213232,0,Medium Risk
2018,Ohio,46,73000.0,0,0.004359783722646375,0,Low Risk
2019,Texas,34,0.0,0,0.025442495163022303,0,Low Risk
2019,Louisiana,46,46002.0,0,0.006547638367929593,0,Low Risk
2019,Michigan,69,23326.0,0,0.0017693340690069302,0,Low Risk
2019,South Dakota,24,500.0,0,0.08092253711410916,1,High Risk
2018,Washington,43,110075.0,0,0.009898108249239378,0,Low Risk
2018,Texas,35,60186.0,0,0.02026527454544368,0,Low Risk
2018,Maryland,23,0.0,0,0.024252684791443678,0,Low Risk
2019,Florida,46,19240.0,0,0.016601227491587392,0,Low Risk
2019,Illinois,22,15264.0,0,0.011883266730423942,0,Low Risk
2018,Wisconsin,45,360021.0,0,0.008039778003666703,0,Low Risk
2018,Michigan,39,9492.0,0,0.014060129640337989,0,Low Risk
2018,Michigan,48,52005.0,0,0.003543790020162031,0,Low Risk
2018,Texas,28,27045.0,0,0.01696587033408233,0,Low Risk
2018,Alabama,61,12002.0,0,0.010302076377855063,0,Low Risk
2019,Virginia,24,71102.0,0,0.09010292458646822,1,High Risk
2018,New Jersey,47,92000.0,0,0.004434300024736101,0,Low Risk
2019,Texas,26,0.0,0,0.02400212339031847,0,Low Risk
2019,Wisconsin,63,102603.0,0,0.004600354935161809,0,Low Risk
2019,South Carolina,69,28518.0,0,0.0031357600681835786,0,Low Risk
2019,Indiana,70,70600.0,0,0.004484994266434611,0,Low Risk
2018,Georgia,45,0.0,0,0.015579245915253859,0,Low Risk
2018,Florida,79,58333.0,0,0.01206973893700421,0,Low Risk
2019,Indiana,45,0.0,0,0.01760603469869886,0,Low Risk
2018,Rhode Island,57,61041.0,0,0.005006751849308068,0,Low Risk
2019,Michigan,47,24996.0,0,0.004505707699345268,0,Low Risk
2019,North Carolina,28,26809.0,0,0.02822730958435087,0,Medium Risk
2019,California,34,0.0,0,0.005084738387775524,0,Low Risk
2018,North Carolina,31,30001.0,0,0.023147782919190875,0,Low Risk
2019,Illinois,29,20014.0,0,0.009715799539856655,0,Low Risk
2018,New Mexico,35,1701.0,0,0.0262286319144343,0,Low Risk
2018,Wyoming,22,18506.0,0,0.056224305958790764,1,High Risk
2018,California,38,30000.0,0,0.00578398046808104,0,Low Risk
2018,Arizona,18,0.0,0,0.007762257746143566,0,Low Risk
2018,Pennsylvania,85,62870.0,0,0.006001392866514952,0,Low Risk
2019,Maryland,70,8700.0,0,0.004324211308825899,0,Low Risk
2019,Illinois,36,13450.0,0,0.02764095453215979,0,Low Risk
2018,Indiana,67,42677.0,0,0.005101162149221527,0,Low Risk
2018,California,53,0.0,0,0.005102723511022005,0,Low Risk
2019,Maryland,48,163701.0,0,0.015880670757157038,0,Low Risk
2018,South Dakota,65,13680.0,0,0.010153988319674637,0,Low Risk
2019,Iowa,44,11100.0,0,0.02523581021806038,0,Low Risk
2018,California,62,50000.0,0,0.004122511809542394,0,Low Risk
2018,New Mexico,85,48009.0,0,0.006771039645809138,0,Low Risk
2019,Washington,32,44000.0,0,0.05047401101578181,0,Medium Risk
2019,West Virginia,37,0.0,0,0.017749512408520168,0,Low Risk
2019,Virginia,40,79402.0,0,0.022650930379801676,0,Low Risk
2018,Florida,67,31674.0,0,0.008238213044426318,0,Low Risk
2019,Louisiana,40,10000.0,0,0.01392839516453548,0,Low Risk
2018,Idaho,62,28000.0,0,0.015817936836440345,0,Low Risk
2019,Hawaii,74,159507.0,0,0.003007408011359601,0,Low Risk
2018,Maryland,61,80075.0,0,0.00941598336401647,0,Low Risk
2018,Delaware,40,35002.0,0,0.012687023824346218,0,Low Risk
2018,Vermont,64,29112.0,0,0.01094210287729651,0,Low Risk
2018,California,30,0.0,0,0.006072540288090586,0,Low Risk
2018,Delaware,47,40008.0,0,0.010994732179421426,0,Low Risk
2019,New Jersey,85,0.0,0,0.0038050634382225425,0,Low Risk
2018,California,33,124120.0,0,0.024767735709801418,0,Low Risk
2018,Michigan,31,65000.0,0,0.011342062199590136,0,Low Risk
2018,New Mexico,64,42008.0,0,0.006758338950161736,0,Low Risk
2018,New York,46,100100.0,0,0.005301357074902063,0,Low Risk
2018,South Dakota,38,35000.0,0,0.01648284883815923,0,Low Risk
2018,New York,63,61730.0,0,0.003135692766864227,0,Low Risk
2018,Texas,74,65532.0,0,0.0038223068570830175,0,Low Risk
2018,California,68,18059.0,0,0.004633221845212108,0,Low Risk
2018,Oregon,30,32007.0,0,0.04575954400811078,0,Medium Risk
2018,Idaho,72,14248.0,0,0.01797226723770357,0,Low Risk
2019,Arkansas,33,81010.0,0,0.04671685646191035,0,Medium Risk
2018,California,40,62485.0,0,0.005163623919597134,0,Low Risk
2019,New Jersey,57,23006.0,0,0.004482142205366293,0,Low Risk
2019,California,73,30000.0,0,0.0038138287302712415,0,Low Risk
2018,North Carolina,44,85232.0,0,0.007828635039214538,0,Low Risk
2018,California,28,70000.0,0,0.0247961316743552,0,Low Risk
2019,Connecticut,85,9659.0,0,0.006225094615173332,0,Low Risk
2019,Wisconsin,23,50000.0,0,0.024074338899679897,0,Low Risk
2018,Alabama,41,50303.0,0,0.014290808259750092,0,Low Risk
2019,Montana,73,7800.0,0,0.010613357064703764,0,Low Risk
2019,Michigan,59,40235.0,0,0.002512054804126318,0,Low Risk
2018,Missouri,54,40000.0,0,0.005083813130513057,0,Low Risk
2019,Missouri,37,60000.0,0,0.007850903458368535,0,Low Risk
2018,Arkansas,85,13967.0,0,0.008015387383626697,0,Low Risk
2018,Georgia,26,6750.0,0,0.04486961456076216,0,Medium Risk
2019,Georgia,19,9500.0,0,0.0333653300369484,0,Medium Risk
2018,California,30,30005.0,0,0.012356712511783939,0,Low Risk
2018,Florida,20,1600.0,0,0.008751249188797642,0,Low Risk
2019,Alabama,34,0.0,0,0.012981999071209152,0,Low Risk
2019,Oregon,44,40010.0,0,0.015318800902636709,0,Low Risk
2019,Wyoming,70,23867.0,0,0.008482322758729474,0,Low Risk
2018,Tennessee,43,35002.0,0,0.017993794743520582,0,Low Risk
2018,California,22,0.0,0,0.011009539490799193,0,Low Risk
2018,North Carolina,42,51010.0,0,0.02706832854125821,0,Low Risk
2018,North Dakota,41,4500.0,0,0.073285183255066,1,High Risk
2019,North Carolina,28,63000.0,0,0.09066160827451539,1,High Risk
2019,New Mexico,72,47888.0,0,0.007913263196729069,0,Low Risk
2019,Oklahoma,26,7.0,0,0.031050763025571092,0,Medium Risk
2019,Utah,30,60300.0,0,0.023262457317082867,0,Low Risk
2018,Montana,74,17039.0,0,0.009520630749102464,0,Low Risk
2018,Texas,44,80004.0,0,0.01197337961603345,0,Low Risk
2018,Pennsylvania,67,61299.0,0,0.008253468945035728,0,Low Risk
2019,Montana,24,0.0,0,0.06794049479490064,1,High Risk
2019,Illinois,32,45000.0,0,0.010832029623765694,0,Low Risk
2019,Washington,26,58800.0,0,0.05198375893127169,0,Medium Risk
2018,Pennsylvania,70,83053.0,0,0.004432102800337957,0,Low Risk
2019,New Hampshire,18,3221.0,0,0.011279997436505571,0,Low Risk
2019,New Jersey,45,1501.0,0,0.00589562424615517,0,Low Risk
2018,Minnesota,30,8400.0,0,0.02586557388438587,0,Low Risk
2019,California,59,35014.0,0,0.004848423177209386,0,Low Risk
2018,Massachusetts,80,21144.0,0,0.002255354223849699,0,Low Risk
2019,Florida,60,24000.0,0,0.014565516148628561,0,Low Risk
2019,Illinois,21,25000.0,0,0.013673022649792164,0,Low Risk
2019,Texas,54,72000.0,0,0.0073120922900114125,0,Low Risk
2019,Oregon,80,40028.0,0,0.017045265059076758,0,Low Risk
2019,Washington,56,82720.0,0,0.006465206281767917,0,Low Risk
2018,Florida,67,37000.0,0,0.009979582112743695,0,Low Risk
2019,New Jersey,26,50060.0,0,0.015861371016226228,0,Low Risk
2018,California,24,19000.0,0,0.014061296202312529,0,Low Risk
2018,West Virginia,77,90358.0,0,0.0075668886256091816,0,Low Risk
2019,South Dakota,56,50000.0,0,0.01051619061515699,0,Low Risk
2018,Illinois,61,14450.0,0,0.0035885514071143784,0,Low Risk
2019,Colorado,52,59000.0,0,0.012074695181898019,0,Low Risk
2019,Maryland,47,285301.0,0,0.014682468114969106,0,Low Risk
2019,Utah,36,4500.0,0,0.03003776088072757,0,Medium Risk
2018,Michigan,49,32000.0,0,0.003919071210042439,0,Low Risk
2018,West Virginia,71,17300.0,0,0.007571806346377252,0,Low Risk
2018,Florida,68,122.0,0,0.005449101443525452,0,Low Risk
2019,Illinois,46,51000.0,0,0.004523095269155619,0,Low Risk
2019,Massachusetts,62,35000.0,0,0.002366635584425484,0,Low Risk
2019,North Dakota,22,2385.0,0,0.08155429251790304,1,High Risk
2019,Wyoming,67,81219.0,0,0.009543612630849343,0,Low Risk
2019,Virginia,72,38881.0,0,0.004635130737127866,0,Low Risk
2018,Hawaii,80,13559.0,0,0.0036085760942928353,0,Low Risk
2019,Pennsylvania,50,0.0,0,0.020383852251057762,0,Low Risk
2019,Wyoming,77,5400.0,0,0.005390332097032432,0,Low Risk
2018,Wisconsin,55,16860.0,0,0.007735191943409963,0,Low Risk
2019,Kentucky,34,2.0,0,0.03106930494085687,0,Medium Risk
2019,Illinois,21,16223.0,0,0.00790802844740701,0,Low Risk
2019,California,39,60000.0,0,0.005022934533028123,0,Low Risk
2019,Idaho,28,50000.0,0,0.05005315517006698,0,Medium Risk
2018,South Dakota,58,92005.0,0,0.01078961118862872,0,Low Risk
2019,Missouri,72,39579.0,0,0.0038003727204509803,0,Low Risk
2019,Georgia,50,2501.0,0,0.02253814083194,0,Low Risk
2018,Arkansas,58,0.0,0,0.0193594876384065,0,Low Risk
2018,California,57,730002.0,0,0.0036046467567095726,0,Low Risk
2019,California,51,75000.0,0,0.003982672628607029,0,Low Risk
2019,North Carolina,46,102276.0,0,0.009641115779708411,0,Low Risk
2019,Arkansas,33,96571.0,0,0.06252760583529979,1,High Risk
2018,Louisiana,43,50008.0,0,0.00872518566214224,0,Low Risk
2018,Nevada,30,26000.0,0,0.034038238396772696,0,Medium Risk
2018,Pennsylvania,26,42006.0,0,0.01670615107019604,0,Low Risk
2018,Kentucky,42,21001.0,0,0.019283698955597325,0,Low Risk
2018,West Virginia,48,98308.0,0,0.00925261636027383,0,Low Risk
2019,Wyoming,67,17162.0,0,0.008996006401842055,0,Low Risk
2018,Wisconsin,27,31489.0,0,0.017476918205213493,0,Low Risk
2018,Montana,23,27000.0,0,0.05951923913074571,1,High Risk
2019,North Dakota,34,68506.0,0,0.03435614682452473,0,Medium Risk
2018,California,54,25000.0,0,0.0052464536149789106,0,Low Risk
2018,Colorado,25,42001.0,0,0.0338224614575165,0,Medium Risk
2019,South Carolina,58,100000.0,0,0.010226258427020516,0,Low Risk
2019,Maine,72,10660.0,0,0.005069093707729957,0,Low Risk
2019,Illinois,53,26014.0,0,0.0044150810987442345,0,Low Risk
2019,Florida,24,24000.0,0,0.017106983486543197,0,Low Risk
2019,Alaska,24,0.0,0,0.0690876130769033,1,High Risk
2019,Wisconsin,40,116057.0,0,0.008873764402113033,0,Low Risk
2018,Tennessee,35,969.0,0,0.06971618698381007,1,High Risk
2019,California,27,45000.0,0,0.014259462006094714,0,Low Risk
2018,Arizona,22,10000.0,0,0.026977827921021432,0,Low Risk
2019,Mississippi,18,0.0,0,0.006608141111907711,0,Low Risk
2019,Delaware,42,163000.0,0,0.012857271284085248,0,Low Risk
2019,Idaho,35,28000.0,0,0.023879328309636988,0,Low Risk
2018,California,46,13000.0,0,0.0033142513985118167,0,Low Risk
2019,California,19,6000.0,0,0.006584905124197919,0,Low Risk
2019,New Hampshire,44,74707.0,0,0.009939193518040809,0,Low Risk
2018,Washington,54,8402.0,0,0.008464627550539538,0,Low Risk
2018,Georgia,41,1560.0,0,0.0327465736392204,0,Medium Risk
2019,Connecticut,56,87504.0,0,0.006639337445393429,0,Low Risk
2019,Tennessee,34,47002.0,0,0.01948299364849517,0,Low Risk
2019,Idaho,34,58000.0,0,0.016110933789388902,0,Low Risk
2018,District of Columbia,41,118679.0,0,0.024185737511719835,0,Low Risk
2019,Massachusetts,63,187304.0,0,0.0019886978298373384,0,Low Risk
2019,California,71,31039.0,0,0.003806454999766956,0,Low Risk
2019,Hawaii,52,12161.0,0,0.02055144049759446,0,Low Risk
2019,Massachusetts,35,75007.0,0,0.008999670875806618,0,Low Risk
2019,New York,70,25000.0,0,0.002118599146795551,0,Low Risk
2018,Florida,29,43000.0,0,0.01875844335995454,0,Low Risk
2018,Delaware,56,16801.0,0,0.014702126600523122,0,Low Risk
2018,Oklahoma,35,25081.0,0,0.01707139518448316,0,Low Risk
2018,New Jersey,80,4050.0,0,0.0025460686388853364,0,Low Risk
2019,Virginia,49,46005.0,0,0.009897293844065876,0,Low Risk
2019,Georgia,76,15659.0,0,0.0038257355742135255,0,Low Risk
2018,Arkansas,45,55003.0,0,0.013899095478884023,0,Low Risk
2019,Georgia,28,200005.0,0,0.09740995802708625,1,High Risk
2018,Tennessee,48,25.0,0,0.021641824021381297,0,Low Risk
2018,Texas,48,16014.0,0,0.022518509135942267,0,Low Risk
2018,Hawaii,24,10040.0,0,0.022873676325777054,0,Low Risk
2019,Missouri,72,65202.0,0,0.004808515446266749,0,Low Risk
2018,Texas,43,120000.0,0,0.024816369224943888,0,Low Risk
2019,Alaska,31,45501.0,0,0.025364512857952555,0,Low Risk
2018,Vermont,42,0.0,0,0.03910459982689098,0,Medium Risk
2018,Hawaii,28,69418.0,0,0.05248312164346684,0,Medium Risk
2018,Arizona,52,48000.0,0,0.01216752249220555,0,Low Risk
2019,Utah,66,26860.0,0,0.014478741849426692,0,Low Risk
2019,California,46,86560.0,0,0.010625940433629593,0,Low Risk
2019,South Dakota,54,46106.0,0,0.01345795069661444,0,Low Risk
2019,Louisiana,53,62002.0,0,0.00891509742051731,0,Low Risk
2019,Mississippi,66,6600.0,0,0.01066094250936643,0,Low Risk
2018,Minnesota,47,40232.0,0,0.004728072114015913,0,Low Risk
2018,Florida,43,42000.0,0,0.013357843137145223,0,Low Risk
2018,New York,85,8052.0,0,0.0024326882545565513,0,Low Risk
2018,New York,37,7500.0,0,0.012599352248946203,0,Low Risk
2019,South Carolina,43,43344.0,0,0.008339407217929012,0,Low Risk
2018,Florida,75,47248.0,0,0.023526370587418684,0,Low Risk
2018,Tennessee,22,1907.0,0,0.029143185644221112,0,Medium Risk
2018,Mississippi,59,13103.0,0,0.013117548589646852,0,Low Risk
2018,Alabama,66,49282.0,0,0.007285061632524726,0,Low Risk
2019,Arizona,18,1.0,0,0.007489440318185839,0,Low Risk
2019,Mississippi,61,5.0,0,0.011544029907251565,0,Low Risk
2018,South Carolina,19,12621.0,0,0.01779513041220241,0,Low Risk
2018,Louisiana,40,0.0,0,0.013530206598434354,0,Low Risk
2018,District of Columbia,57,276708.0,0,0.018710651131472748,0,Low Risk
2018,Arkansas,22,0.0,0,0.025211409221628588,0,Low Risk
2019,California,42,0.0,0,0.003532500500927036,0,Low Risk
2019,Arkansas,22,20010.0,0,0.0300501417711754,0,Medium Risk
2019,Montana,85,21605.0,0,0.007895776343630142,0,Low Risk
2018,South Carolina,69,446654.0,0,0.00317228337543994,0,Low Risk
2018,California,22,25000.0,0,0.012599726392299568,0,Low Risk
2018,Minnesota,27,80020.0,0,0.038328516373556755,0,Medium Risk
2019,West Virginia,85,15152.0,0,0.008216944869051201,0,Low Risk
2018,Maryland,45,131255.0,0,0.017533439081093557,0,Low Risk
2019,New Mexico,24,13681.0,0,0.04034008000948314,0,Medium Risk
2018,New Hampshire,58,78001.0,0,0.00799233988782484,0,Low Risk
2019,New York,40,15000.0,0,0.007602841440519893,0,Low Risk
2019,Minnesota,18,0.0,0,0.012947197755002603,0,Low Risk
2018,Washington,60,157025.0,0,0.006188171225268546,0,Low Risk
2018,Maryland,60,123006.0,0,0.009613898412570165,0,Low Risk
2018,Texas,74,19608.0,0,0.004478188616811287,0,Low Risk
2019,California,48,10850.0,0,0.004147196225335486,0,Low Risk
2019,Pennsylvania,19,7565.0,1,0.009316672050404122,0,Low Risk
2019,Mississippi,62,9164.0,0,0.013689049790139473,0,Low Risk
2018,Oregon,18,2500.0,0,0.011096551898143906,0,Low Risk
2018,Texas,42,0.0,0,0.023296025292779944,0,Low Risk
2018,Virginia,75,159715.0,0,0.005661553528628069,0,Low Risk
2019,Kentucky,52,47364.0,0,0.007493404306373294,0,Low Risk
2018,New York,71,32035.0,0,0.0019183710756388655,0,Low Risk
2018,Arkansas,33,20571.0,0,0.05290027868026375,0,Medium Risk
2019,Nevada,54,35000.0,0,0.014964002322965218,0,Low Risk
2019,Florida,75,9372.0,0,0.007530972218661024,0,Low Risk
2018,Missouri,44,50162.0,0,0.007826070086694177,0,Low Risk
2018,Nebraska,47,35030.0,0,0.012206661805687746,0,Low Risk
2018,Alabama,40,35671.0,0,0.008226637848683082,0,Low Risk
2018,Colorado,54,150195.0,0,0.014878181083157874,0,Low Risk
2019,Indiana,34,74001.0,0,0.0406171000042405,0,Medium Risk
2019,Nevada,57,15564.0,0,0.022589146424847276,0,Low Risk
2018,Illinois,20,9602.0,0,0.01628986506974428,0,Low Risk
2019,North Carolina,38,55000.0,0,0.014909282247839295,0,Low Risk
2018,Georgia,27,25000.0,0,0.023400606433949877,0,Low Risk
2018,Mississippi,71,30000.0,0,0.005542218839869248,0,Low Risk
2018,Wyoming,72,6000.0,0,0.005573930834127332,0,Low Risk
2019,California,42,601160.0,0,0.0101751072454005,0,Low Risk
2019,Montana,68,36229.0,0,0.009571700994011716,0,Low Risk
2018,Vermont,31,2279.0,0,0.033294049591989984,0,Medium Risk
2019,Michigan,29,139125.0,0,0.0537410046864563,0,Medium Risk
2018,California,31,6000.0,0,0.016299093794840964,0,Low Risk
2018,Kansas,34,17800.0,0,0.026515982288221794,0,Low Risk
2018,California,64,41250.0,0,0.005831727080506434,0,Low Risk
2018,California,34,17320.0,0,0.008451609502251082,0,Low Risk
2019,Arkansas,85,100.0,0,0.0058061976994564935,0,Low Risk
2019,Florida,49,92802.0,0,0.01497670119532593,0,Low Risk
2019,New Hampshire,34,83505.0,0,0.027419402463064124,0,Low Risk
2018,California,65,0.0,0,0.009232611035869982,0,Low Risk
2019,Oklahoma,36,12000.0,0,0.025655425561759763,0,Low Risk
2018,Colorado,30,41029.0,0,0.04861577398347626,0,Medium Risk
2019,Tennessee,53,24500.0,1,0.00964272615782472,0,Low Risk
2018,Texas,37,10800.0,0,0.0242490997044969,0,Low Risk
2019,Massachusetts,23,14000.0,0,0.01438860764821665,0,Low Risk
2018,California,61,50000.0,0,0.004234033846281187,0,Low Risk
2019,California,51,63000.0,0,0.004863922930107028,0,Low Risk
2018,California,68,26003.0,0,0.0045878128035523255,0,Low Risk
2018,Texas,54,35000.0,0,0.008627337121580647,0,Low Risk
2018,Texas,52,0.0,0,0.03267642263713307,0,Medium Risk
2019,Arkansas,52,15000.0,0,0.01641875293363746,0,Low Risk
2018,Oklahoma,31,0.0,0,0.03284147676297929,0,Medium Risk
2018,New Jersey,58,24000.0,0,0.0032054371800133816,0,Low Risk
2018,Florida,47,65832.0,0,0.012774469749345813,0,Low Risk
2019,New Mexico,40,23000.0,0,0.0061294007685617465,0,Low Risk
2018,Arizona,28,40060.0,0,0.05119566453549638,0,Medium Risk
2018,Nebraska,64,28260.0,0,0.008875956915301882,0,Low Risk
2019,Oregon,41,6684.0,0,0.05263081173082685,0,Medium Risk
2019,Illinois,24,20000.0,0,0.012973892418100694,0,Low Risk
2018,Michigan,49,40111.0,0,0.0031967906979852973,0,Low Risk
2019,Mississippi,74,66011.0,0,0.007411149820904624,0,Low Risk
2019,Ohio,42,56201.0,0,0.00840870541279518,0,Low Risk
2019,Illinois,56,155000.0,0,0.0065261512002724184,0,Low Risk
2019,Alabama,45,55259.0,0,0.00688099303374037,0,Low Risk
2019,Florida,53,85000.0,0,0.014696701356382867,0,Low Risk
2018,Louisiana,54,36607.0,0,0.007377107508032834,0,Low Risk
2019,Alaska,76,13964.0,0,0.010476509227468208,0,Low Risk
2019,South Carolina,71,5112.0,0,0.0033561810496872077,0,Low Risk
2019,New York,46,35830.0,1,0.00307794692016065,0,Low Risk
2019,California,24,19000.0,0,0.022325550588306334,0,Low Risk
2019,Virginia,19,73000.0,0,0.1070830910556235,1,High Risk
2019,California,19,18000.0,0,0.01722626319217623,0,Low Risk
2018,Texas,36,28000.0,0,0.022579903431611644,0,Low Risk
2019,Arkansas,70,11459.0,0,0.009584581241047992,0,Low Risk
2019,Florida,53,0.0,0,0.009460311007119573,0,Low Risk
2018,Kansas,65,241999.0,0,0.0045034958398513,0,Low Risk
2018,Maryland,45,25000.0,0,0.011020291098075575,0,Low Risk
2018,Tennessee,68,30109.0,0,0.006951691123096566,0,Low Risk
2019,New Jersey,25,26489.0,1,0.01325042490989871,0,Low Risk
2018,Tennessee,77,18320.0,0,0.0028750759526765487,0,Low Risk
2019,Connecticut,70,32000.0,0,0.007440397092241726,0,Low Risk
2018,Wyoming,20,5004.0,0,0.04415057401627908,0,Medium Risk
2018,Alabama,27,15000.0,0,0.016794972143241063,0,Low Risk
2019,California,21,10054.0,0,0.005762509721988468,0,Low Risk
2018,Iowa,33,5000.0,0,0.030917897579599885,0,Medium Risk
2019,Utah,20,15000.0,0,0.016294989438360063,0,Low Risk
2018,New York,38,13774.0,0,0.004046350261762025,0,Low Risk
2018,South Dakota,62,60002.0,0,0.009572000934487472,0,Low Risk
2018,Texas,23,2160.0,0,0.02120420265588515,0,Low Risk
2019,Arkansas,53,56001.0,0,0.01274840100992572,0,Low Risk
2018,Utah,24,0.0,0,0.06374843085151652,1,High Risk
2018,Florida,43,59677.0,0,0.01207607331263051,0,Low Risk
2019,Hawaii,41,33580.0,0,0.007146658152097965,0,Low Risk
2019,California,53,27420.0,0,0.004121613314156067,0,Low Risk
2019,Rhode Island,44,42961.0,0,0.009227147896982485,0,Low Risk
2018,California,39,29027.0,0,0.006570248296593565,0,Low Risk
2019,Pennsylvania,51,17000.0,0,0.007842622499626386,0,Low Risk
2019,Alaska,50,52005.0,0,0.019440478759292865,0,Low Risk
2019,Massachusetts,21,18000.0,0,0.009319574613426385,0,Low Risk
2019,Indiana,45,33305.0,0,0.009496281168432217,0,Low Risk
2018,Alabama,41,50000.0,0,0.01049994554356526,0,Low Risk
2019,Minnesota,52,150001.0,0,0.006502663286998116,0,Low Risk
2019,Wisconsin,36,20000.0,0,0.013287178572175871,0,Low Risk
2018,Colorado,25,27013.0,0,0.031012882828927224,0,Medium Risk
2018,California,68,15000.0,0,0.004525742189440727,0,Low Risk
2019,Connecticut,76,33985.0,0,0.007038280577091224,0,Low Risk
2019,Arkansas,19,11000.0,0,0.029708925445601227,0,Medium Risk
2019,Florida,33,0.0,0,0.014906181954513922,0,Low Risk
2018,Texas,36,24000.0,0,0.011132869716643713,0,Low Risk
2018,Arkansas,67,9605.0,0,0.0078078835572195976,0,Low Risk
2019,Georgia,25,24000.0,0,0.02922873856189296,0,Medium Risk
2018,New Jersey,85,19300.0,0,0.0027921264739990182,0,Low Risk
2019,California,40,14448.0,0,0.006121766075912772,0,Low Risk
2019,Michigan,39,88781.0,0,0.011099930684904658,0,Low Risk
2019,Texas,50,8400.0,0,0.015273712615326404,0,Low Risk
2018,Arkansas,31,40025.0,0,0.03547057761721329,0,Medium Risk
2019,Arkansas,47,50100.0,0,0.011971584829086954,0,Low Risk
2018,California,71,7000.0,0,0.0033401237920821928,0,Low Risk
2019,Tennessee,64,38000.0,0,0.007307368220177404,0,Low Risk
2019,New Mexico,22,2280.0,0,0.03760650672679254,0,Medium Risk
2019,Mississippi,76,16550.0,0,0.0075386423853300855,0,Low Risk
2019,Wisconsin,52,24007.0,0,0.0042566505995402844,0,Low Risk
2018,North Dakota,63,22000.0,0,0.011431889337758811,0,Low Risk
2019,California,22,1900.0,0,0.013684335350126068,0,Low Risk
2018,California,53,18000.0,0,0.0034065864022234573,0,Low Risk
2018,Tennessee,19,40000.0,0,0.06369078159940839,1,High Risk
2018,Oregon,25,17000.0,0,0.13804722710658054,1,High Risk
2018,California,32,43000.0,0,0.022578703343657924,0,Low Risk
2019,New Mexico,63,52000.0,0,0.013162199428816374,0,Low Risk
2019,California,54,41600.0,0,0.00526228827552243,0,Low Risk
2019,California,43,21700.0,0,0.004965720197603785,0,Low Risk
2018,Ohio,76,22959.0,0,0.008966627891010014,0,Low Risk
2018,Iowa,32,21021.0,0,0.015941142289073708,0,Low Risk
2018,Montana,67,45051.0,0,0.007827104720327488,0,Low Risk
2018,New Mexico,31,36418.0,0,0.025698363899090932,0,Low Risk
2018,Pennsylvania,43,25000.0,0,0.00568684257177304,0,Low Risk
2019,Louisiana,64,16200.0,0,0.006444934174102778,0,Low Risk
2019,Florida,45,35000.0,0,0.01466971256331608,0,Low Risk
2019,Oregon,26,3600.0,0,0.08551386162885026,1,High Risk
2019,California,38,0.0,0,0.007692086991391425,0,Low Risk
2018,North Dakota,70,106792.0,0,0.0070211705124997624,0,Low Risk
2019,California,56,83350.0,0,0.005112439733474984,0,Low Risk
2019,Texas,68,16287.0,0,0.0033870439465597114,0,Low Risk
2018,Texas,21,15000.0,0,0.02394852095012817,0,Low Risk
2018,Georgia,20,0.0,0,0.023269909195395573,0,Low Risk
