YEAR,STATE_NAME,AGE,INCOME_CLEAN,MOBILITY_RATE,MIGRATION_PRESSURE_INDEX,RISK_SCORE,RISK_CATEGORY
2019,North Carolina,24,19728.0,0.14823938820887886,9.566862475900844,0.7226587299427936,High Risk
2018,Michigan,30,39240.0,0.1343616265276512,8.06506408500325,0.5624147613435672,Medium Risk
2019,California,47,0.0,0.11999340498200187,7.037489720218427,0.300292229185193,Medium Risk
2018,Idaho,69,12696.0,0.17064590063386437,10.565848666670341,0.3269120907581299,Medium Risk
2018,Minnesota,70,10032.0,0.1374689951636965,9.278196791289137,0.3591563073395508,Medium Risk
2019,Missouri,31,491.0,0.14320846658408154,9.358547596495988,0.7288698306408862,High Risk
2018,Alaska,40,241220.0,0.16290272895797922,9.93700412536278,0.45239296169637505,Medium Risk
2018,Ohio,80,8546.0,0.14387057975729117,8.822921959110566,0.21527712384702682,Low Risk
2019,Connecticut,20,14070.0,0.12039458820051949,7.891387164036669,0.6671371304166085,High Risk
2018,Nevada,71,4.0,0.16924216007864806,10.323360118991625,0.30944261396382644,Medium Risk
2019,Idaho,54,0.0,0.16186795304951973,10.05996599072574,0.3721815012720139,Medium Risk
2018,Florida,23,20000.0,0.15309784435759996,9.164235773222595,0.608074017537811,High Risk
2019,Texas,67,25065.0,0.14994069335324955,9.06745633206213,0.32147977944177375,Medium Risk
2018,Missouri,74,26317.0,0.14728893862641496,8.821323388197204,0.23169387785240486,Low Risk
2019,Kentucky,57,10000.0,0.14227599065658988,9.055889928309721,0.4141810026284689,Medium Risk
2019,Arkansas,31,27000.0,0.14372774797645008,8.124553710123143,0.5025692297468558,Medium Risk
2018,New Mexico,77,65659.0,0.13254808337185278,7.345469172371928,0.18404011422655261,Low Risk
2019,South Carolina,80,6077.0,0.13312258835001364,8.916403390103422,0.3470807993438601,Medium Risk
2018,California,50,133120.0,0.12481237004149494,7.210835108572942,0.2944103501729585,Low Risk
2019,Vermont,23,25000.0,0.1308504436815856,8.194364623723498,0.6588567171420822,High Risk
2018,Arizona,66,125872.0,0.1695929147772462,9.959072461007478,0.2893700825734805,Low Risk
2018,Nebraska,18,0.0,0.15939770484767107,10.450043972542284,0.7383206152260421,High Risk
2019,New Jersey,38,91010.0,0.10269627893306302,6.051750300482708,0.4115802500502669,Medium Risk
2019,Washington,39,32000.0,0.16923542710690564,10.299566001769573,0.44462399679726305,Medium Risk
2019,Texas,32,45000.0,0.14994069335324955,9.06745633206213,0.5837399277239621,Medium Risk
2019,Nevada,32,0.0,0.17647793972450324,10.356979288538232,0.668467823069945,High Risk
2018,California,63,0.0,0.12481237004149494,7.210835108572942,0.29673475129422544,Low Risk
2019,Mississippi,63,50000.0,0.12230916009140762,7.464005722412704,0.29486503515215445,Low Risk
2018,Wyoming,56,30604.0,0.15994268367237904,10.097249258417571,0.3774218145750688,Medium Risk
2019,Virginia,64,0.0,0.1467037488942512,10.338434197959312,0.5064750089018086,Medium Risk
2019,North Carolina,60,17000.0,0.14823938820887886,9.566862475900844,0.42287187942793936,Medium Risk
2018,Maine,47,90000.0,0.1363066849433009,7.940736176425495,0.33287117846262887,Medium Risk
2018,Delaware,40,12063.0,0.10977293824379153,6.786915886889976,0.4700883583458613,Medium Risk
2019,California,50,98401.0,0.11999340498200187,7.037489720218427,0.24232352576366056,Low Risk
2018,Wyoming,62,16332.0,0.15994268367237904,10.097249258417571,0.3620284055306811,Medium Risk
2018,Georgia,74,11964.0,0.14414912613868625,8.959831020330972,0.25901011770242977,Low Risk
2019,Arizona,32,38500.0,0.1613533279078746,9.736558251201473,0.5931946351814527,Medium Risk
2018,Mississippi,30,36848.0,0.1263212953066887,7.589306479158202,0.5386064962878593,Medium Risk
2018,New Mexico,54,32000.0,0.13254808337185278,7.345469172371928,0.29414427210669364,Low Risk
2019,Texas,64,101814.0,0.14994069335324955,9.06745633206213,0.35584790857751497,Medium Risk
2019,Montana,54,28020.0,0.1654105888964365,10.515618312922854,0.42779111035738254,Medium Risk
2019,Georgia,31,38950.0,0.13953617056616655,9.022109407280606,0.6681481731714126,High Risk
2018,Delaware,37,179.0,0.10977293824379153,6.786915886889976,0.44983000159321546,Medium Risk
2019,New Mexico,56,77900.0,0.12403864145352976,7.693024249283769,0.380954387809123,Medium Risk
2018,Texas,47,1503.0,0.15321477254366406,9.039513845041624,0.3578534538719296,Medium Risk
2018,Nebraska,35,60200.0,0.15939770484767107,10.450043972542284,0.6298316760344299,High Risk
2019,California,58,70959.0,0.11999340498200187,7.037489720218427,0.3210445101972562,Medium Risk
2018,Iowa,50,41006.0,0.14633287019612695,8.866751656886375,0.3316630640359908,Medium Risk
2019,North Carolina,75,0.0,0.14823938820887886,9.566862475900844,0.32203888395926233,Medium Risk
2019,Utah,55,20225.0,0.1582643444139373,9.434129768225382,0.40326967187212065,Medium Risk
2019,Washington,45,406120.0,0.16923542710690564,10.299566001769573,0.3779408830332225,Medium Risk
2018,Michigan,24,0.0,0.1343616265276512,8.06506408500325,0.5993611284587723,Medium Risk
2019,California,38,104520.0,0.11999340498200187,7.037489720218427,0.3985954131892351,Medium Risk
2018,Ohio,85,5881.0,0.14387057975729117,8.822921959110566,0.19851972296877884,Low Risk
2019,South Dakota,62,105119.0,0.1532001540034009,9.12429341445576,0.38944768624189935,Medium Risk
2018,Indiana,19,0.0,0.15099408009861864,9.583196827897439,0.6663766339944208,High Risk
2019,Michigan,22,120000.0,0.1289923303455059,8.077767777779496,0.6443131459518314,High Risk
2019,Michigan,18,31.0,0.1289923303455059,8.077767777779496,0.6354943515109723,High Risk
2018,Illinois,80,73958.0,0.12459168185011736,7.591871656573847,0.20144813195192066,Low Risk
2019,Missouri,21,29000.0,0.14320846658408154,9.358547596495988,0.6918605333666598,High Risk
2019,Wisconsin,80,3932.0,0.13181902691806466,7.5927728395280045,0.17496517804029962,Low Risk
2019,Kentucky,38,55000.0,0.14227599065658988,9.055889928309721,0.4844056995031696,Medium Risk
2019,Colorado,23,12926.0,0.17641131755008807,10.845958864203315,0.6752823148189353,High Risk
2019,Alaska,71,38219.0,0.15608194852803703,9.28034903102316,0.3048585733512253,Medium Risk
2019,New Jersey,53,20000.0,0.10269627893306302,6.051750300482708,0.25300039280485004,Low Risk
2019,Tennessee,62,70088.0,0.14395167874979217,8.737544951134833,0.3051576553807446,Medium Risk
2019,Nevada,25,61000.0,0.17647793972450324,10.356979288538232,0.6213369411825258,High Risk
2019,Michigan,41,115002.0,0.1289923303455059,8.077767777779496,0.4741667413317189,Medium Risk
2019,Wyoming,24,34000.0,0.17412949218340887,11.757422476469022,0.806411840370223,High Risk
2018,New Mexico,41,40032.0,0.13254808337185278,7.345469172371928,0.31500449561566424,Medium Risk
2019,Texas,32,0.0,0.14994069335324955,9.06745633206213,0.5888577509432219,Medium Risk
2019,Minnesota,25,14000.0,0.13246670319726433,8.34641208294014,0.6936041629450213,High Risk
2018,North Carolina,68,18148.0,0.15096919180810042,9.756879190128968,0.3370539153115276,Medium Risk
2018,Pennsylvania,43,125026.0,0.1227357746325968,7.626603264922634,0.4687664534159499,Medium Risk
2018,Texas,34,14185.0,0.15321477254366406,9.039513845041624,0.579082395558872,Medium Risk
2018,Missouri,52,138449.0,0.14728893862641496,8.821323388197204,0.3804065255447876,Medium Risk
2019,New Mexico,37,7700.0,0.12403864145352976,7.693024249283769,0.4472905609227949,Medium Risk
2019,Arizona,56,87003.0,0.1613533279078746,9.736558251201473,0.39658798436136555,Medium Risk
2019,New Mexico,48,10000.0,0.12403864145352976,7.693024249283769,0.36512787118648826,Medium Risk
2018,Georgia,34,51113.0,0.14414912613868625,8.959831020330972,0.6131822624512484,High Risk
2018,Wyoming,28,135067.0,0.15994268367237904,10.097249258417571,0.657251176191159,High Risk
2019,Texas,19,0.0,0.14994069335324955,9.06745633206213,0.6447231751647372,High Risk
2019,Oklahoma,29,0.0,0.15983382720055855,9.097089817611476,0.5080620426154352,Medium Risk
2019,Arizona,18,3305.0,0.1613533279078746,9.736558251201473,0.6082576689090803,High Risk
2018,Ohio,32,38000.0,0.14387057975729117,8.822921959110566,0.6564434035114839,High Risk
2018,District of Columbia,48,80286.0,0.18102819552665184,11.001913132037291,0.47008370053506654,Medium Risk
2018,Texas,67,9030.0,0.15321477254366406,9.039513845041624,0.22912800334612804,Low Risk
2018,Alabama,62,1680.0,0.1364410501043176,8.554541327868636,0.37149354636836296,Medium Risk
2018,North Carolina,43,48010.0,0.15096919180810042,9.756879190128968,0.5863211234271088,Medium Risk
2018,Utah,48,149883.0,0.1704658882331846,10.677140565505383,0.3978294769759715,Medium Risk
2019,California,65,7154.0,0.11999340498200187,7.037489720218427,0.23420185679321318,Low Risk
2019,Tennessee,75,9912.0,0.14395167874979217,8.737544951134833,0.3086449464689536,Medium Risk
2019,Florida,55,26000.0,0.14980312805118373,8.586223456073048,0.27012807934074123,Low Risk
2019,Maryland,53,292785.0,0.12630255324685488,7.984775843618832,0.35575006889786476,Medium Risk
2019,Rhode Island,54,72280.0,0.11440678772741723,6.589904603762166,0.2702051266211533,Low Risk
2018,West Virginia,50,100064.0,0.1128857761393577,6.967353577899955,0.3770499527958148,Medium Risk
2018,New York,42,162.0,0.10360406967432093,6.064826107469105,0.33869038966827836,Medium Risk
2019,Tennessee,30,36315.0,0.14395167874979217,8.737544951134833,0.5854997361837505,Medium Risk
2019,Arizona,43,0.0,0.1613533279078746,9.736558251201473,0.4480169454271829,Medium Risk
2018,Vermont,85,0.0,0.1278855232828412,8.067773431901623,0.22106331952740854,Low Risk
2018,Alabama,51,45005.0,0.1364410501043176,8.554541327868636,0.3566802157388319,Medium Risk
2019,Michigan,80,73821.0,0.1289923303455059,8.077767777779496,0.29490949836937086,Low Risk
2018,South Dakota,36,20000.0,0.14955277978952589,9.39929456966846,0.49046710875462424,Medium Risk
2018,Vermont,47,80000.0,0.1278855232828412,8.067773431901623,0.3454784000392602,Medium Risk
2019,Wyoming,59,48601.0,0.17412949218340887,11.757422476469022,0.540347088089983,Medium Risk
2019,New York,32,38000.0,0.10537645809036159,6.481856373616716,0.6165361249332807,High Risk
2019,Maine,65,12632.0,0.12698324492211202,7.788011166968911,0.2557672490430082,Low Risk
2018,Nevada,23,19009.0,0.16924216007864806,10.323360118991625,0.6301842519261258,High Risk
2019,New Jersey,28,70018.0,0.10269627893306302,6.051750300482708,0.5606451553534497,Medium Risk
2018,Arkansas,63,100017.0,0.1467314255798379,9.541829972800207,0.47800252648017827,Medium Risk
2019,Illinois,42,56503.0,0.1214434063500301,7.567186928797186,0.48963316812127483,Medium Risk
2019,Georgia,47,35000.0,0.13953617056616655,9.022109407280606,0.384138852263056,Medium Risk
2018,Wyoming,34,48020.0,0.15994268367237904,10.097249258417571,0.6858075432697633,High Risk
2019,Nevada,41,75000.0,0.17647793972450324,10.356979288538232,0.4136291859325485,Medium Risk
2018,Vermont,80,88206.0,0.1278855232828412,8.067773431901623,0.2504963541772051,Low Risk
2018,Washington,32,0.0,0.181380165585309,10.885375544734512,0.6738586477934195,High Risk
2018,Minnesota,42,85552.0,0.1374689951636965,9.278196791289137,0.6198004807367328,High Risk
2018,California,39,46015.0,0.12481237004149494,7.210835108572942,0.39530088435534627,Medium Risk
2018,Missouri,20,2500.0,0.14728893862641496,8.821323388197204,0.6077357232188888,High Risk
2019,Kansas,34,110059.0,0.15718637633103874,10.03460254921272,0.6319467279386535,High Risk
2018,Tennessee,58,20000.0,0.14742767598554654,8.726114937251483,0.4032818545635644,Medium Risk
2018,Pennsylvania,40,126504.0,0.1227357746325968,7.626603264922634,0.35999815049685124,Medium Risk
2018,California,66,41032.0,0.12481237004149494,7.210835108572942,0.22486251943776875,Low Risk
2018,New York,45,5816.0,0.10360406967432093,6.064826107469105,0.36507121406848553,Medium Risk
2019,Texas,38,27005.0,0.14994069335324955,9.06745633206213,0.4329511923089692,Medium Risk
2019,Louisiana,38,77000.0,0.1253982765595869,7.4070489264179065,0.38706890578641096,Medium Risk
2019,Wisconsin,40,12100.0,0.13181902691806466,7.5927728395280045,0.3692647256664656,Medium Risk
2018,Wyoming,36,15002.0,0.15994268367237904,10.097249258417571,0.5118065308092029,Medium Risk
2018,Ohio,58,36012.0,0.14387057975729117,8.822921959110566,0.3620382519964644,Medium Risk
2019,Arkansas,41,16002.0,0.14372774797645008,8.124553710123143,0.3360208889747787,Medium Risk
2019,Arizona,73,75550.0,0.1613533279078746,9.736558251201473,0.296449107930421,Low Risk
2019,Utah,25,26400.0,0.1582643444139373,9.434129768225382,0.603462371838397,High Risk
2018,Hawaii,80,60699.0,0.13724047182601398,7.7388413842861565,0.20264478746718187,Low Risk
2018,Delaware,27,14400.0,0.10977293824379153,6.786915886889976,0.5523423772525152,Medium Risk
2019,New York,38,6629.0,0.10537645809036159,6.481856373616716,0.38562126639993627,Medium Risk
2018,Florida,68,38390.0,0.15309784435759996,9.164235773222595,0.22917628173053237,Low Risk
2018,Arkansas,41,110005.0,0.1467314255798379,9.541829972800207,0.5470663331847111,Medium Risk
2019,Florida,67,7200.0,0.14980312805118373,8.586223456073048,0.2725306475739968,Low Risk
2018,California,67,68008.0,0.12481237004149494,7.210835108572942,0.19493096738495158,Low Risk
2018,Oregon,66,72175.0,0.17195881482080816,10.383655026754692,0.30652054597176176,Medium Risk
2019,Illinois,38,85582.0,0.1214434063500301,7.567186928797186,0.41122762439312066,Medium Risk
2018,Oregon,37,29030.0,0.17195881482080816,10.383655026754692,0.488325452745013,Medium Risk
2019,Texas,55,15000.0,0.14994069335324955,9.06745633206213,0.35190876778057056,Medium Risk
2018,Pennsylvania,38,43000.0,0.1227357746325968,7.626603264922634,0.41251580573202845,Medium Risk
2019,North Dakota,37,36120.0,0.1799477948730248,10.711337734194975,0.49424302247264856,Medium Risk
2018,Virginia,65,39456.0,0.15212740701348712,10.6998046941087,0.4651387691571478,Medium Risk
2018,West Virginia,19,20000.0,0.1128857761393577,6.967353577899955,0.5736695856374859,Medium Risk
2019,California,49,26924.0,0.11999340498200187,7.037489720218427,0.2902299966511154,Low Risk
2019,Colorado,18,0.0,0.17641131755008807,10.845958864203315,0.6489749747273219,High Risk
2018,Arizona,77,14400.0,0.1695929147772462,9.959072461007478,0.23353884760796312,Low Risk
2019,North Carolina,38,0.0,0.14823938820887886,9.566862475900844,0.5946537158065539,Medium Risk
2018,Pennsylvania,27,25001.0,0.1227357746325968,7.626603264922634,0.5973698514683875,Medium Risk
2019,Missouri,79,0.0,0.14320846658408154,9.358547596495988,0.3207734992858653,Medium Risk
2018,Arkansas,20,0.0,0.1467314255798379,9.541829972800207,0.7228724072434006,High Risk
2018,Washington,63,31029.0,0.181380165585309,10.885375544734512,0.3503408419965641,Medium Risk
2018,Rhode Island,38,170022.0,0.11437391159140246,8.243053418365516,0.5784242844914402,Medium Risk
2019,Arizona,70,40659.0,0.1613533279078746,9.736558251201473,0.3395528035377059,Medium Risk
2019,Oklahoma,34,220261.0,0.15983382720055855,9.097089817611476,0.5167122926164851,Medium Risk
2018,Arizona,34,73510.0,0.1695929147772462,9.959072461007478,0.6016369307387973,High Risk
2019,Delaware,54,13200.0,0.12586221013933213,7.57605086757687,0.2860142199315762,Low Risk
2019,Arizona,26,0.0,0.1613533279078746,9.736558251201473,0.6332075145966592,High Risk
2018,Kansas,20,72006.0,0.16747813658580032,10.305371003744845,0.6708239864333123,High Risk
2018,California,33,53772.0,0.12481237004149494,7.210835108572942,0.48002955949208925,Medium Risk
2018,Alabama,52,24000.0,0.1364410501043176,8.554541327868636,0.4125953693069711,Medium Risk
2019,Utah,48,41000.0,0.1582643444139373,9.434129768225382,0.34375190525177907,Medium Risk
2018,Arkansas,57,10027.0,0.1467314255798379,9.541829972800207,0.4376938494143891,Medium Risk
2018,Pennsylvania,40,13003.0,0.1227357746325968,7.626603264922634,0.4865451436111654,Medium Risk
2018,California,59,33000.0,0.12481237004149494,7.210835108572942,0.2689662562264167,Low Risk
2018,Washington,41,46010.0,0.181380165585309,10.885375544734512,0.46078688426005115,Medium Risk
2018,New York,40,25175.0,0.10360406967432093,6.064826107469105,0.33479777849814935,Medium Risk
2018,Missouri,58,1154.0,0.14728893862641496,8.821323388197204,0.38651704945014914,Medium Risk
2018,South Dakota,79,40000.0,0.14955277978952589,9.39929456966846,0.2681740980728956,Low Risk
2018,New York,68,95210.0,0.10360406967432093,6.064826107469105,0.2186085497776467,Low Risk
2018,California,55,25000.0,0.12481237004149494,7.210835108572942,0.27510579800108753,Low Risk
2019,Kansas,31,64000.0,0.15718637633103874,10.03460254921272,0.6712165987958693,High Risk
2019,Kentucky,28,25975.0,0.14227599065658988,9.055889928309721,0.6757708347709567,High Risk
2018,West Virginia,45,0.0,0.1128857761393577,6.967353577899955,0.3504489078361509,Medium Risk
2019,Iowa,28,44500.0,0.13931540005478338,8.910773356193227,0.7076597990732776,High Risk
2018,Michigan,20,65000.0,0.1343616265276512,8.06506408500325,0.5768479651755808,Medium Risk
2019,California,44,15001.0,0.11999340498200187,7.037489720218427,0.31868173917967013,Medium Risk
2018,Massachusetts,31,32710.0,0.12646370605955434,7.48642686947636,0.5291760155512325,Medium Risk
2019,West Virginia,49,70300.0,0.11823795452494812,7.5140860810735095,0.33835018048937365,Medium Risk
2018,Wyoming,51,62020.0,0.15994268367237904,10.097249258417571,0.4157265123942001,Medium Risk
2019,Texas,19,12000.0,0.14994069335324955,9.06745633206213,0.62854369926354,High Risk
2018,Florida,44,9468.0,0.15309784435759996,9.164235773222595,0.3967591256299585,Medium Risk
2018,West Virginia,43,146264.0,0.1128857761393577,6.967353577899955,0.4020910401739497,Medium Risk
2018,California,22,23001.0,0.12481237004149494,7.210835108572942,0.5477586627514216,Medium Risk
2018,Illinois,60,152075.0,0.12459168185011736,7.591871656573847,0.3590576657164808,Medium Risk
2018,Michigan,51,150.0,0.1343616265276512,8.06506408500325,0.37566737512411263,Medium Risk
2018,Texas,52,70020.0,0.15321477254366406,9.039513845041624,0.30443404491190906,Medium Risk
2019,California,30,7500.0,0.11999340498200187,7.037489720218427,0.5369409382164905,Medium Risk
2018,Georgia,23,0.0,0.14414912613868625,8.959831020330972,0.6320020870842837,High Risk
2018,Florida,31,22000.0,0.15309784435759996,9.164235773222595,0.5744547339036831,Medium Risk
2019,Iowa,28,29420.0,0.13931540005478338,8.910773356193227,0.7041721809199556,High Risk
2018,Delaware,54,100101.0,0.10977293824379153,6.786915886889976,0.2756319436671961,Low Risk
2018,Nebraska,30,20050.0,0.15939770484767107,10.450043972542284,0.7334883087104124,High Risk
2019,Missouri,65,18002.0,0.14320846658408154,9.358547596495988,0.3707926458611837,Medium Risk
2019,Arizona,23,23015.0,0.1613533279078746,9.736558251201473,0.6349357854576363,High Risk
2018,Washington,74,13573.0,0.181380165585309,10.885375544734512,0.32291675528804553,Medium Risk
2018,California,30,150548.0,0.12481237004149494,7.210835108572942,0.5319018539411704,Medium Risk
2018,Pennsylvania,40,7850.0,0.1227357746325968,7.626603264922634,0.479210233375983,Medium Risk
2018,New Jersey,76,54730.0,0.10718194279273904,6.268532531830965,0.20740151959055425,Low Risk
2019,Ohio,43,105002.0,0.1440203073077734,9.354759566846589,0.5756833181995461,Medium Risk
2018,Idaho,69,1572.0,0.17064590063386437,10.565848666670341,0.2868662043341391,Low Risk
2018,Wyoming,22,70000.0,0.15994268367237904,10.097249258417571,0.6486044961178602,High Risk
2018,Pennsylvania,28,56095.0,0.1227357746325968,7.626603264922634,0.6376269936291693,High Risk
2019,New Mexico,47,70725.0,0.12403864145352976,7.693024249283769,0.3929611059768396,Medium Risk
2019,New York,28,28001.0,0.10537645809036159,6.481856373616716,0.6173500849784311,High Risk
2018,Utah,66,42105.0,0.1704658882331846,10.677140565505383,0.35441601237460946,Medium Risk
2018,New Jersey,19,38000.0,0.10718194279273904,6.268532531830965,0.4922992376949471,Medium Risk
2019,Florida,57,18000.0,0.14980312805118373,8.586223456073048,0.2990780495116887,Low Risk
2018,Utah,43,151501.0,0.1704658882331846,10.677140565505383,0.5259232509665026,Medium Risk
2019,Idaho,20,0.0,0.16186795304951973,10.05996599072574,0.6808613631619367,High Risk
2018,Georgia,25,17821.0,0.14414912613868625,8.959831020330972,0.6947145788697151,High Risk
2019,California,53,39000.0,0.11999340498200187,7.037489720218427,0.24512910889356682,Low Risk
2019,New Hampshire,60,20982.0,0.13047242723983543,8.352889654674698,0.35014172598753335,Medium Risk
2019,Montana,25,15000.0,0.1654105888964365,10.515618312922854,0.6982456875496111,High Risk
2018,Florida,20,2021.0,0.15309784435759996,9.164235773222595,0.6062007305578774,High Risk
2018,Minnesota,44,4104.0,0.1374689951636965,9.278196791289137,0.561189498155482,Medium Risk
2018,Indiana,39,19161.0,0.15099408009861864,9.583196827897439,0.49704730605778336,Medium Risk
2019,Wisconsin,44,55000.0,0.13181902691806466,7.5927728395280045,0.32640418067521276,Medium Risk
2018,North Carolina,64,42000.0,0.15096919180810042,9.756879190128968,0.412132797443934,Medium Risk
2019,Utah,68,23736.0,0.1582643444139373,9.434129768225382,0.25405392241927693,Low Risk
2019,Hawaii,72,22903.0,0.12946917245541475,7.2508908751030345,0.15094231238677627,Low Risk
2019,New York,85,18951.0,0.10537645809036159,6.481856373616716,0.23865597347872672,Low Risk
2018,Arizona,54,1800.0,0.1695929147772462,9.959072461007478,0.3407181539267562,Medium Risk
2018,Connecticut,85,13013.0,0.12319558826896027,7.592900432556293,0.1919356253352405,Low Risk
2019,Wyoming,54,20030.0,0.17412949218340887,11.757422476469022,0.5397730777449679,Medium Risk
2018,South Dakota,57,35500.0,0.14955277978952589,9.39929456966846,0.4521254409800911,Medium Risk
2019,North Dakota,18,6000.0,0.1799477948730248,10.711337734194975,0.643117261533729,High Risk
2018,Idaho,32,12.0,0.17064590063386437,10.565848666670341,0.6624498095228334,High Risk
2018,Alaska,36,49000.0,0.16290272895797922,9.93700412536278,0.5330794164325291,Medium Risk
2018,West Virginia,26,40000.0,0.1128857761393577,6.967353577899955,0.5610742488997061,Medium Risk
2019,Massachusetts,49,82045.0,0.12485197221485887,7.711566660687857,0.3802157594339916,Medium Risk
2019,Alaska,85,8000.0,0.15608194852803703,9.28034903102316,0.16714308812684547,Low Risk
2019,Florida,23,29000.0,0.14980312805118373,8.586223456073048,0.5327123851935817,Medium Risk
2018,New York,79,8820.0,0.10360406967432093,6.064826107469105,0.14261929610447288,Low Risk
2019,Maryland,68,69579.0,0.12630255324685488,7.984775843618832,0.2562671871165368,Low Risk
2018,California,36,85754.0,0.12481237004149494,7.210835108572942,0.35117814868411235,Medium Risk
2018,Michigan,28,88195.0,0.1343616265276512,8.06506408500325,0.6140651834913952,High Risk
2019,Nebraska,41,90430.0,0.15097730635349876,9.440580908020666,0.5507508523718438,Medium Risk
2019,Washington,29,10160.0,0.16923542710690564,10.299566001769573,0.6867581412481795,High Risk
2019,California,26,2.0,0.11999340498200187,7.037489720218427,0.5634719620221702,Medium Risk
2018,Texas,23,6000.0,0.15321477254366406,9.039513845041624,0.5766008938189174,Medium Risk
2018,Wisconsin,67,117530.0,0.13757481711372202,8.358395602911749,0.2560879763012889,Low Risk
2018,North Carolina,25,20002.0,0.15096919180810042,9.756879190128968,0.7537926515811095,High Risk
2019,Massachusetts,36,30013.0,0.12485197221485887,7.711566660687857,0.4319191577577707,Medium Risk
2019,Alaska,20,35151.0,0.15608194852803703,9.28034903102316,0.5816340736977847,Medium Risk
2019,Wisconsin,40,52000.0,0.13181902691806466,7.5927728395280045,0.35757286005301653,Medium Risk
2018,Kentucky,50,54043.0,0.15188435762769684,9.740428478299664,0.41684551020314187,Medium Risk
2019,Arizona,80,13859.0,0.1613533279078746,9.736558251201473,0.23289581024249312,Low Risk
2019,District of Columbia,75,333002.0,0.19175234676499092,12.29595067158288,0.35749577695801815,Medium Risk
2018,Louisiana,79,24006.0,0.12366412843919106,7.76410114109847,0.29502955310208917,Low Risk
2019,Minnesota,35,75750.0,0.13246670319726433,8.34641208294014,0.5187226030639136,Medium Risk
2018,Wyoming,24,40000.0,0.15994268367237904,10.097249258417571,0.6685308333049236,High Risk
2019,Vermont,44,36206.0,0.1308504436815856,8.194364623723498,0.42394621877009464,Medium Risk
2018,New Hampshire,53,24012.0,0.12964342814649563,8.226357453836409,0.400888659763681,Medium Risk
2019,Alabama,46,0.0,0.1344076276588001,8.770671518336524,0.4293177934462174,Medium Risk
2018,California,44,62150.0,0.12481237004149494,7.210835108572942,0.38268481309576646,Medium Risk
2019,Montana,34,35166.0,0.1654105888964365,10.515618312922854,0.6813314828937088,High Risk
2018,Texas,74,60541.0,0.15321477254366406,9.039513845041624,0.23503723786986672,Low Risk
2019,Kansas,29,70006.0,0.15718637633103874,10.03460254921272,0.6861114486507637,High Risk
2019,District of Columbia,60,158011.0,0.19175234676499092,12.29595067158288,0.48096145293605874,Medium Risk
2018,South Carolina,41,55000.0,0.14316685868498802,8.611013974549307,0.41439982241809575,Medium Risk
2018,California,60,32826.0,0.12481237004149494,7.210835108572942,0.27127357862119394,Low Risk
2018,North Carolina,56,80010.0,0.15096919180810042,9.756879190128968,0.5170257459904252,Medium Risk
2019,Texas,80,156399.0,0.14994069335324955,9.06745633206213,0.19727754969785644,Low Risk
2019,Montana,25,58000.0,0.1654105888964365,10.515618312922854,0.6866468417162575,High Risk
2019,Maryland,26,250278.0,0.12630255324685488,7.984775843618832,0.6123959363951637,High Risk
2018,Vermont,60,34826.0,0.1278855232828412,8.067773431901623,0.323176276009037,Medium Risk
2018,Mississippi,60,5200.0,0.1263212953066887,7.589306479158202,0.30885368570286353,Medium Risk
2019,West Virginia,57,70010.0,0.11823795452494812,7.5140860810735095,0.33363088736254154,Medium Risk
2018,West Virginia,57,18000.0,0.1128857761393577,6.967353577899955,0.3108459019640319,Medium Risk
2019,California,37,29400.0,0.11999340498200187,7.037489720218427,0.42649697655691904,Medium Risk
2018,Missouri,49,55646.0,0.14728893862641496,8.821323388197204,0.3384551844922673,Medium Risk
2018,Montana,23,5002.0,0.15231940457729304,9.327408703734669,0.6410943453035154,High Risk
2018,Indiana,43,0.0,0.15099408009861864,9.583196827897439,0.48173937118714516,Medium Risk
2018,Louisiana,51,72000.0,0.12366412843919106,7.76410114109847,0.38083196624023125,Medium Risk
2018,North Dakota,36,100010.0,0.16889540892875005,11.267111504072677,0.6523465712309618,High Risk
2019,Kentucky,74,17626.0,0.14227599065658988,9.055889928309721,0.2804984296859286,Low Risk
2018,Maine,36,16300.0,0.1363066849433009,7.940736176425495,0.44341089741450546,Medium Risk
2018,Mississippi,53,89020.0,0.1263212953066887,7.589306479158202,0.33324775594781497,Medium Risk
2019,Kansas,53,113500.0,0.15718637633103874,10.03460254921272,0.48221425997799583,Medium Risk
2018,North Carolina,27,47000.0,0.15096919180810042,9.756879190128968,0.7034992427247988,High Risk
2019,Wyoming,33,80175.0,0.17412949218340887,11.757422476469022,0.8073735029726943,High Risk
2018,Texas,36,50006.0,0.15321477254366406,9.039513845041624,0.5085678032754057,Medium Risk
2019,Montana,43,10000.0,0.1654105888964365,10.515618312922854,0.5129342809341981,Medium Risk
2019,Idaho,18,600.0,0.16186795304951973,10.05996599072574,0.6774853682339885,High Risk
2018,Montana,49,0.0,0.15231940457729304,9.327408703734669,0.3695638564755931,Medium Risk
2018,Idaho,52,12765.0,0.17064590063386437,10.565848666670341,0.4095465196978293,Medium Risk
2018,California,19,0.0,0.12481237004149494,7.210835108572942,0.5473889592954708,Medium Risk
2018,New York,35,15600.0,0.10360406967432093,6.064826107469105,0.3513060228884044,Medium Risk
2018,California,49,79000.0,0.12481237004149494,7.210835108572942,0.3490204628781266,Medium Risk
2018,South Carolina,50,0.0,0.14316685868498802,8.611013974549307,0.3842951547592618,Medium Risk
2018,California,43,49766.0,0.12481237004149494,7.210835108572942,0.4139363364453284,Medium Risk
2019,Nebraska,20,0.0,0.15097730635349876,9.440580908020666,0.6726930853249701,High Risk
2018,Nebraska,67,19300.0,0.15939770484767107,10.450043972542284,0.44331982440268847,Medium Risk
2018,New York,70,22859.0,0.10360406967432093,6.064826107469105,0.18421924730075953,Low Risk
2018,Indiana,65,82900.0,0.15099408009861864,9.583196827897439,0.3818397463182397,Medium Risk
2019,Maine,74,53723.0,0.12698324492211202,7.788011166968911,0.29571522085893703,Low Risk
2018,California,25,42650.0,0.12481237004149494,7.210835108572942,0.5460878144241902,Medium Risk
2018,California,85,21600.0,0.12481237004149494,7.210835108572942,0.1639696607393967,Low Risk
2019,California,66,7859.0,0.11999340498200187,7.037489720218427,0.19323762850288143,Low Risk
2019,North Carolina,24,10000.0,0.14823938820887886,9.566862475900844,0.6691078554626714,High Risk
2019,Vermont,59,39301.0,0.1308504436815856,8.194364623723498,0.33597243608697025,Medium Risk
2019,Oregon,47,13019.0,0.15589035312970106,9.82154468351208,0.42483733947773095,Medium Risk
2019,Mississippi,26,75245.0,0.12230916009140762,7.464005722412704,0.6301279197898755,High Risk
2018,Idaho,46,65001.0,0.17064590063386437,10.565848666670341,0.4984759706181604,Medium Risk
2018,New Jersey,32,67643.0,0.10718194279273904,6.268532531830965,0.5318275323029031,Medium Risk
2018,Maryland,54,53810.0,0.14069830870123312,8.424592122526205,0.3153374992597844,Medium Risk
2018,Alabama,37,0.0,0.1364410501043176,8.554541327868636,0.4651472273669826,Medium Risk
2019,Missouri,30,14000.0,0.14320846658408154,9.358547596495988,0.6739123021548121,High Risk
2018,New Jersey,60,1719.0,0.10718194279273904,6.268532531830965,0.26704730914482694,Low Risk
2019,Georgia,40,160586.0,0.13953617056616655,9.022109407280606,0.5439484446832696,Medium Risk
2018,Georgia,71,708.0,0.14414912613868625,8.959831020330972,0.2807111433352245,Low Risk
2019,Pennsylvania,27,24785.0,0.12454297450443934,8.069569336366364,0.7287304698874589,High Risk
2018,Connecticut,85,13259.0,0.12319558826896027,7.592900432556293,0.17078149403471646,Low Risk
2019,New Jersey,21,9000.0,0.10269627893306302,6.051750300482708,0.5339341373509638,Medium Risk
2019,Florida,19,1800.0,0.14980312805118373,8.586223456073048,0.6153773437293295,High Risk
2019,Vermont,32,53000.0,0.1308504436815856,8.194364623723498,0.5809762983758191,Medium Risk
2018,Massachusetts,25,151833.0,0.12646370605955434,7.48642686947636,0.5870651875175742,Medium Risk
2018,Florida,33,86002.0,0.15309784435759996,9.164235773222595,0.6400266611236499,High Risk
2018,Maryland,59,16802.0,0.14069830870123312,8.424592122526205,0.3130157537731642,Medium Risk
2018,Florida,24,18320.0,0.15309784435759996,9.164235773222595,0.6038048257284899,High Risk
2018,Texas,23,40006.0,0.15321477254366406,9.039513845041624,0.6224891798406533,High Risk
2018,Illinois,51,9400.0,0.12459168185011736,7.591871656573847,0.3122504521060636,Medium Risk
2018,Ohio,35,79105.0,0.14387057975729117,8.822921959110566,0.5165155282563701,Medium Risk
2019,Alaska,53,42150.0,0.15608194852803703,9.28034903102316,0.3413368340999743,Medium Risk
2019,Utah,67,15610.0,0.1582643444139373,9.434129768225382,0.2598389388269652,Low Risk
2019,Pennsylvania,55,101000.0,0.12454297450443934,8.069569336366364,0.3798812860477171,Medium Risk
2019,Florida,60,60000.0,0.14980312805118373,8.586223456073048,0.26509252792799376,Low Risk
2019,Arkansas,50,16000.0,0.14372774797645008,8.124553710123143,0.29130649095598243,Low Risk
2018,Florida,46,20000.0,0.15309784435759996,9.164235773222595,0.37036667209703095,Medium Risk
2018,Tennessee,29,40.0,0.14742767598554654,8.726114937251483,0.5584835174356254,Medium Risk
2018,Delaware,44,50136.0,0.10977293824379153,6.786915886889976,0.4151283033520713,Medium Risk
2018,West Virginia,62,19781.0,0.1128857761393577,6.967353577899955,0.30075338173650135,Medium Risk
2018,Tennessee,69,25330.0,0.14742767598554654,8.726114937251483,0.25362841244990386,Low Risk
2018,Mississippi,20,27000.0,0.1263212953066887,7.589306479158202,0.5938166694956779,Medium Risk
2018,Mississippi,59,24000.0,0.1263212953066887,7.589306479158202,0.2901951842080824,Low Risk
2018,Ohio,32,45807.0,0.14387057975729117,8.822921959110566,0.6050342883407708,High Risk
2018,Ohio,52,60002.0,0.14387057975729117,8.822921959110566,0.33846095886289923,Medium Risk
2018,California,59,3842.0,0.12481237004149494,7.210835108572942,0.24342221054252836,Low Risk
2019,Utah,72,23874.0,0.1582643444139373,9.434129768225382,0.3184737227719375,Medium Risk
2019,Delaware,85,21357.0,0.12586221013933213,7.57605086757687,0.21486689072809614,Low Risk
2018,Virginia,32,28703.0,0.15212740701348712,10.6998046941087,0.7798715533437827,High Risk
2019,Rhode Island,64,49955.0,0.11440678772741723,6.589904603762166,0.23111143863311526,Low Risk
2018,Illinois,47,47008.0,0.12459168185011736,7.591871656573847,0.34735766552302183,Medium Risk
2019,Arkansas,80,45771.0,0.14372774797645008,8.124553710123143,0.1971846434196968,Low Risk
2019,Oregon,33,28394.0,0.15589035312970106,9.82154468351208,0.6414006443202636,High Risk
2019,California,32,24000.0,0.11999340498200187,7.037489720218427,0.5261811833942971,Medium Risk
2019,Colorado,45,47400.0,0.17641131755008807,10.845958864203315,0.4874414398714553,Medium Risk
2018,Minnesota,66,148014.0,0.1374689951636965,9.278196791289137,0.3665077738700456,Medium Risk
2019,Nevada,61,33300.0,0.17647793972450324,10.356979288538232,0.3094097143062404,Medium Risk
2019,Maryland,33,0.0,0.12630255324685488,7.984775843618832,0.5984258198681401,Medium Risk
2018,California,22,113000.0,0.12481237004149494,7.210835108572942,0.5628712667632271,Medium Risk
2018,Louisiana,49,19949.0,0.12366412843919106,7.76410114109847,0.40611012522712064,Medium Risk
2019,Connecticut,35,81904.0,0.12039458820051949,7.891387164036669,0.49747269993374554,Medium Risk
2018,Arizona,70,29160.0,0.1695929147772462,9.959072461007478,0.3262246635902606,Medium Risk
2019,Pennsylvania,53,110070.0,0.12454297450443934,8.069569336366364,0.40396840377157894,Medium Risk
2019,New Jersey,28,31002.0,0.10269627893306302,6.051750300482708,0.5062105888787107,Medium Risk
2018,South Carolina,66,111484.0,0.14316685868498802,8.611013974549307,0.2790861690283775,Low Risk
2018,Maine,63,1600.0,0.1363066849433009,7.940736176425495,0.26996735588656817,Low Risk
2018,Texas,39,0.0,0.15321477254366406,9.039513845041624,0.3844195959467715,Medium Risk
2019,Florida,51,30000.0,0.14980312805118373,8.586223456073048,0.36734620453379413,Medium Risk
2018,Wisconsin,35,69020.0,0.13757481711372202,8.358395602911749,0.4863420123523088,Medium Risk
2019,New York,49,20000.0,0.10537645809036159,6.481856373616716,0.29791765647864493,Low Risk
2019,Rhode Island,61,60200.0,0.11440678772741723,6.589904603762166,0.24617851975659152,Low Risk
2019,South Carolina,74,74100.0,0.13312258835001364,8.916403390103422,0.30407411909353477,Medium Risk
2019,Minnesota,27,40002.0,0.13246670319726433,8.34641208294014,0.6270589465199314,High Risk
2019,California,25,25481.0,0.11999340498200187,7.037489720218427,0.6030537071133697,High Risk
2018,Massachusetts,43,8897.0,0.12646370605955434,7.48642686947636,0.4176466094947879,Medium Risk
2019,Texas,25,81101.0,0.14994069335324955,9.06745633206213,0.6527014245213125,High Risk
2018,Illinois,35,67000.0,0.12459168185011736,7.591871656573847,0.43365471917079196,Medium Risk
2019,West Virginia,24,44501.0,0.11823795452494812,7.5140860810735095,0.6460826390274182,High Risk
2018,Arizona,42,44470.0,0.1695929147772462,9.959072461007478,0.5029223364518726,Medium Risk
2018,Arizona,47,76000.0,0.1695929147772462,9.959072461007478,0.41482171682284336,Medium Risk
2018,Louisiana,35,60001.0,0.12366412843919106,7.76410114109847,0.5335541604410841,Medium Risk
2019,South Dakota,85,145.0,0.1532001540034009,9.12429341445576,0.19381288562144122,Low Risk
2018,Kansas,49,21000.0,0.16747813658580032,10.305371003744845,0.40034200610018034,Medium Risk
2018,Idaho,36,31026.0,0.17064590063386437,10.565848666670341,0.5213886595314016,Medium Risk
2018,Texas,50,45003.0,0.15321477254366406,9.039513845041624,0.33986051075496276,Medium Risk
2019,Pennsylvania,46,91177.0,0.12454297450443934,8.069569336366364,0.4674923206813486,Medium Risk
2019,Indiana,80,25319.0,0.138391469633862,8.08064067536899,0.22099482983070004,Low Risk
2019,Ohio,39,0.0,0.1440203073077734,9.354759566846589,0.5303621562401498,Medium Risk
2018,Florida,43,71000.0,0.15309784435759996,9.164235773222595,0.39280995815413716,Medium Risk
2019,Colorado,22,20025.0,0.17641131755008807,10.845958864203315,0.6776930154597189,High Risk
2018,Pennsylvania,54,35006.0,0.1227357746325968,7.626603264922634,0.3061825503082132,Medium Risk
2019,New York,61,6000.0,0.10537645809036159,6.481856373616716,0.30693281702464725,Medium Risk
2019,New Mexico,76,11699.0,0.12403864145352976,7.693024249283769,0.2274977335773609,Low Risk
2019,North Carolina,47,8205.0,0.14823938820887886,9.566862475900844,0.45690958077624566,Medium Risk
2018,New York,51,36000.0,0.10360406967432093,6.064826107469105,0.24820327076887794,Low Risk
2018,New Hampshire,58,27494.0,0.12964342814649563,8.226357453836409,0.3467104592741605,Medium Risk
2019,Arkansas,25,12000.0,0.14372774797645008,8.124553710123143,0.5093526527067588,Medium Risk
2018,New Jersey,46,129162.0,0.10718194279273904,6.268532531830965,0.33453289909484074,Medium Risk
2018,West Virginia,44,56156.0,0.1128857761393577,6.967353577899955,0.4249154938451814,Medium Risk
2018,Michigan,60,19536.0,0.1343616265276512,8.06506408500325,0.3079916735220113,Medium Risk
2019,Colorado,85,32716.0,0.17641131755008807,10.845958864203315,0.24710549274703336,Low Risk
2019,Indiana,37,57003.0,0.138391469633862,8.08064067536899,0.399336265242121,Medium Risk
2019,Illinois,52,136082.0,0.1214434063500301,7.567186928797186,0.35627538646988605,Medium Risk
2018,New Jersey,37,40150.0,0.10718194279273904,6.268532531830965,0.39962273435786777,Medium Risk
2019,Pennsylvania,64,41221.0,0.12454297450443934,8.069569336366364,0.34318180067685655,Medium Risk
2019,Wisconsin,20,10000.0,0.13181902691806466,7.5927728395280045,0.5405164703568539,Medium Risk
2019,Texas,64,112005.0,0.14994069335324955,9.06745633206213,0.3758567779703867,Medium Risk
2019,Mississippi,54,0.0,0.12230916009140762,7.464005722412704,0.2738707232446466,Low Risk
2019,Georgia,48,7788.0,0.13953617056616655,9.022109407280606,0.48006340723792806,Medium Risk
2019,South Carolina,45,32088.0,0.13312258835001364,8.916403390103422,0.4466703102518693,Medium Risk
2019,Utah,69,8400.0,0.1582643444139373,9.434129768225382,0.2653143064398387,Low Risk
2019,West Virginia,50,51326.0,0.11823795452494812,7.5140860810735095,0.42408826951609174,Medium Risk
2019,Texas,40,0.0,0.14994069335324955,9.06745633206213,0.49893377002774736,Medium Risk
2018,Utah,18,2002.0,0.1704658882331846,10.677140565505383,0.7073869304747057,High Risk
2018,Idaho,53,54000.0,0.17064590063386437,10.565848666670341,0.40078895190638414,Medium Risk
2019,Louisiana,26,26000.0,0.1253982765595869,7.4070489264179065,0.5779470539781218,Medium Risk
2019,Colorado,67,30059.0,0.17641131755008807,10.845958864203315,0.3407495307819943,Medium Risk
2018,Nebraska,28,35000.0,0.15939770484767107,10.450043972542284,0.6965477467470448,High Risk
2018,Oregon,44,27491.0,0.17195881482080816,10.383655026754692,0.46284147254665375,Medium Risk
2018,Texas,39,42032.0,0.15321477254366406,9.039513845041624,0.4724268140439942,Medium Risk
2018,Indiana,39,31201.0,0.15099408009861864,9.583196827897439,0.5248521867722995,Medium Risk
2018,Alabama,62,155210.0,0.1364410501043176,8.554541327868636,0.3978511459726068,Medium Risk
2019,Virginia,54,0.0,0.1467037488942512,10.338434197959312,0.495258656944991,Medium Risk
2018,Alaska,48,20105.0,0.16290272895797922,9.93700412536278,0.3711712651459684,Medium Risk
2019,Texas,51,23001.0,0.14994069335324955,9.06745633206213,0.3510017818640437,Medium Risk
2018,California,37,112029.0,0.12481237004149494,7.210835108572942,0.39967919423084775,Medium Risk
2018,Texas,29,0.0,0.15321477254366406,9.039513845041624,0.5989548415858466,Medium Risk
2019,Florida,51,27001.0,0.14980312805118373,8.586223456073048,0.2816408420115296,Low Risk
2018,Virginia,26,38050.0,0.15212740701348712,10.6998046941087,0.7889112148829082,High Risk
2019,Virginia,30,23502.0,0.1467037488942512,10.338434197959312,0.8073648217216195,High Risk
2019,Hawaii,33,44000.0,0.12946917245541475,7.2508908751030345,0.46178838404413053,Medium Risk
2018,Connecticut,53,78426.0,0.12319558826896027,7.592900432556293,0.35607708096075846,Medium Risk
2019,North Carolina,46,40001.0,0.14823938820887886,9.566862475900844,0.438363110953714,Medium Risk
2018,Florida,30,0.0,0.15309784435759996,9.164235773222595,0.5861143749652428,Medium Risk
2018,Texas,21,8107.0,0.15321477254366406,9.039513845041624,0.6247549031994355,High Risk
2019,Michigan,49,73003.0,0.1289923303455059,8.077767777779496,0.3598877681134992,Medium Risk
2018,Mississippi,53,36000.0,0.1263212953066887,7.589306479158202,0.308512334220004,Medium Risk
2019,Maine,62,50020.0,0.12698324492211202,7.788011166968911,0.35461356430980034,Medium Risk
2018,Kentucky,43,31140.0,0.15188435762769684,9.740428478299664,0.5195989249997226,Medium Risk
2018,Indiana,43,220519.0,0.15099408009861864,9.583196827897439,0.44513400722939667,Medium Risk
2019,Florida,51,21000.0,0.14980312805118373,8.586223456073048,0.2944254543793524,Low Risk
2019,Indiana,31,1.0,0.138391469633862,8.08064067536899,0.5316511189754355,Medium Risk
2018,Wyoming,33,88000.0,0.15994268367237904,10.097249258417571,0.6271476898450844,High Risk
2019,Oklahoma,31,28709.0,0.15983382720055855,9.097089817611476,0.4979429214817981,Medium Risk
2018,Idaho,85,19264.0,0.17064590063386437,10.565848666670341,0.26605626458188825,Low Risk
2019,Massachusetts,42,15000.0,0.12485197221485887,7.711566660687857,0.4075965239902679,Medium Risk
2019,Texas,60,0.0,0.14994069335324955,9.06745633206213,0.35410439356300466,Medium Risk
2019,Colorado,47,57000.0,0.17641131755008807,10.845958864203315,0.4980841768994792,Medium Risk
2018,Michigan,18,13000.0,0.1343616265276512,8.06506408500325,0.5925035116679043,Medium Risk
2019,North Dakota,46,5000.0,0.1799477948730248,10.711337734194975,0.3751662599304048,Medium Risk
2019,California,69,401250.0,0.11999340498200187,7.037489720218427,0.17620325172382786,Low Risk
2019,Rhode Island,30,40000.0,0.11440678772741723,6.589904603762166,0.480334735140475,Medium Risk
2019,North Dakota,37,40000.0,0.1799477948730248,10.711337734194975,0.5114810062739007,Medium Risk
2019,California,67,71260.0,0.11999340498200187,7.037489720218427,0.2526991899292919,Low Risk
2018,Washington,69,52317.0,0.181380165585309,10.885375544734512,0.36382983167159105,Medium Risk
2018,Louisiana,80,54468.0,0.12366412843919106,7.76410114109847,0.2167368412045498,Low Risk
2018,Nevada,78,19452.0,0.16924216007864806,10.323360118991625,0.2753960721565574,Low Risk
2019,Oklahoma,47,89202.0,0.15983382720055855,9.097089817611476,0.30445292543787494,Medium Risk
2018,Texas,34,4800.0,0.15321477254366406,9.039513845041624,0.5509087043708708,Medium Risk
2018,Connecticut,59,65000.0,0.12319558826896027,7.592900432556293,0.36425799376886936,Medium Risk
2019,Pennsylvania,78,8339.0,0.12454297450443934,8.069569336366364,0.253819156886914,Low Risk
2019,Rhode Island,35,200520.0,0.11440678772741723,6.589904603762166,0.38820527129347526,Medium Risk
2019,California,44,131001.0,0.11999340498200187,7.037489720218427,0.3111246443638854,Medium Risk
2019,Tennessee,67,85000.0,0.14395167874979217,8.737544951134833,0.29480194353632144,Low Risk
2019,Texas,23,20801.0,0.14994069335324955,9.06745633206213,0.6284204166855326,High Risk
2018,California,41,15000.0,0.12481237004149494,7.210835108572942,0.36967137698868846,Medium Risk
2019,West Virginia,42,50000.0,0.11823795452494812,7.5140860810735095,0.4354178040154979,Medium Risk
2019,Maryland,63,153205.0,0.12630255324685488,7.984775843618832,0.342842433043965,Medium Risk
2018,Massachusetts,30,5200.0,0.12646370605955434,7.48642686947636,0.5338953572379367,Medium Risk
2018,Kansas,21,100.0,0.16747813658580032,10.305371003744845,0.6584597603307937,High Risk
2019,California,30,0.0,0.11999340498200187,7.037489720218427,0.5211339235846912,Medium Risk
2019,Kentucky,47,38000.0,0.14227599065658988,9.055889928309721,0.4205198623994202,Medium Risk
2019,New York,71,5040.0,0.10537645809036159,6.481856373616716,0.26223189463698854,Low Risk
2019,Hawaii,68,76460.0,0.12946917245541475,7.2508908751030345,0.1625965969813158,Low Risk
2019,Nebraska,28,47125.0,0.15097730635349876,9.440580908020666,0.7215301732537925,High Risk
2019,New Jersey,60,151345.0,0.10269627893306302,6.051750300482708,0.2985848422745965,Low Risk
2019,Rhode Island,32,71160.0,0.11440678772741723,6.589904603762166,0.5179344127827096,Medium Risk
2019,California,52,5.0,0.11999340498200187,7.037489720218427,0.29137792914327587,Low Risk
2018,Texas,21,12000.0,0.15321477254366406,9.039513845041624,0.5844941505146446,Medium Risk
2019,Arkansas,26,26501.0,0.14372774797645008,8.124553710123143,0.5413295231624802,Medium Risk
2019,Hawaii,67,3635.0,0.12946917245541475,7.2508908751030345,0.22081563237857027,Low Risk
2019,New York,85,59011.0,0.10537645809036159,6.481856373616716,0.22327039201627405,Low Risk
2018,Michigan,21,33000.0,0.1343616265276512,8.06506408500325,0.6037285554854133,High Risk
2018,Illinois,22,26000.0,0.12459168185011736,7.591871656573847,0.5914391229907899,Medium Risk
2018,Idaho,61,34000.0,0.17064590063386437,10.565848666670341,0.4017051274236728,Medium Risk
2018,Florida,47,25040.0,0.15309784435759996,9.164235773222595,0.3516521539730084,Medium Risk
2018,Texas,75,89067.0,0.15321477254366406,9.039513845041624,0.22509375114615415,Low Risk
2019,Washington,32,52001.0,0.16923542710690564,10.299566001769573,0.6374164494975979,High Risk
2019,New Jersey,30,415006.0,0.10269627893306302,6.051750300482708,0.4331189666368861,Medium Risk
2019,Tennessee,23,26000.0,0.14395167874979217,8.737544951134833,0.6080657330841056,High Risk
2018,Texas,71,80278.0,0.15321477254366406,9.039513845041624,0.23487902170310426,Low Risk
2018,California,66,5396.0,0.12481237004149494,7.210835108572942,0.2586292229711155,Low Risk
2019,California,62,26500.0,0.11999340498200187,7.037489720218427,0.25455780275814976,Low Risk
2019,North Dakota,27,136602.0,0.1799477948730248,10.711337734194975,0.5897646928677732,Medium Risk
2018,Florida,49,28000.0,0.15309784435759996,9.164235773222595,0.3938640452548668,Medium Risk
2018,Oklahoma,40,55000.0,0.17187960009065748,10.401208920195524,0.4807557290621169,Medium Risk
2018,Texas,60,0.0,0.15321477254366406,9.039513845041624,0.2939014047521603,Low Risk
2018,California,33,45030.0,0.12481237004149494,7.210835108572942,0.5811915161467208,Medium Risk
2018,Iowa,23,38000.0,0.14633287019612695,8.866751656886375,0.5960263261768014,Medium Risk
2019,Hawaii,42,0.0,0.12946917245541475,7.2508908751030345,0.29917618089918985,Low Risk
2019,District of Columbia,62,175678.0,0.19175234676499092,12.29595067158288,0.5069935083664832,Medium Risk
2019,Montana,42,33002.0,0.1654105888964365,10.515618312922854,0.5994645774300038,Medium Risk
2018,Texas,47,80050.0,0.15321477254366406,9.039513845041624,0.3838874554631303,Medium Risk
2019,Wisconsin,47,36400.0,0.13181902691806466,7.5927728395280045,0.30475385478621747,Medium Risk
2019,Hawaii,61,32000.0,0.12946917245541475,7.2508908751030345,0.22236830202643496,Low Risk
2019,Louisiana,56,114001.0,0.1253982765595869,7.4070489264179065,0.32108874500292534,Medium Risk
2019,District of Columbia,33,75050.0,0.19175234676499092,12.29595067158288,0.7601487537362701,High Risk
2018,California,18,0.0,0.12481237004149494,7.210835108572942,0.5434481799513257,Medium Risk
2018,District of Columbia,27,95000.0,0.18102819552665184,11.001913132037291,0.6767588404061327,High Risk
2018,Utah,18,0.0,0.1704658882331846,10.677140565505383,0.7079115739253996,High Risk
2019,Wyoming,37,0.0,0.17412949218340887,11.757422476469022,0.6358151860777507,High Risk
2019,Louisiana,52,30000.0,0.1253982765595869,7.4070489264179065,0.2766318803904419,Low Risk
2018,Georgia,18,0.0,0.14414912613868625,8.959831020330972,0.6561894224584576,High Risk
2019,Colorado,31,14000.0,0.17641131755008807,10.845958864203315,0.673018820259141,High Risk
2019,Michigan,47,130001.0,0.1289923303455059,8.077767777779496,0.42610563284226877,Medium Risk
2018,Alaska,60,52000.0,0.16290272895797922,9.93700412536278,0.3914397678335249,Medium Risk
2018,Texas,29,7800.0,0.15321477254366406,9.039513845041624,0.5952535842433504,Medium Risk
2018,Kansas,74,58998.0,0.16747813658580032,10.305371003744845,0.25339738767896564,Low Risk
2018,Texas,52,43720.0,0.15321477254366406,9.039513845041624,0.3233961397928328,Medium Risk
2018,South Carolina,26,26520.0,0.14316685868498802,8.611013974549307,0.6030727424234843,High Risk
2018,Illinois,59,88000.0,0.12459168185011736,7.591871656573847,0.3523002537398219,Medium Risk
2018,New York,26,14000.0,0.10360406967432093,6.064826107469105,0.5424369897929882,Medium Risk
2018,Texas,54,75080.0,0.15321477254366406,9.039513845041624,0.30713757350157445,Medium Risk
2019,Kentucky,33,116501.0,0.14227599065658988,9.055889928309721,0.695415569127343,High Risk
2018,New Jersey,59,0.0,0.10718194279273904,6.268532531830965,0.2538617473344049,Low Risk
2018,Georgia,48,100029.0,0.14414912613868625,8.959831020330972,0.3776300657916297,Medium Risk
2018,Connecticut,18,0.0,0.12319558826896027,7.592900432556293,0.6095705859249861,High Risk
2019,Colorado,25,43440.0,0.17641131755008807,10.845958864203315,0.6895412869958926,High Risk
2018,Ohio,23,42001.0,0.14387057975729117,8.822921959110566,0.6302306052585189,High Risk
2018,Oregon,65,20552.0,0.17195881482080816,10.383655026754692,0.3103614474070418,Medium Risk
2018,Louisiana,52,9000.0,0.12366412843919106,7.76410114109847,0.30917270172602657,Medium Risk
2019,New Hampshire,44,30150.0,0.13047242723983543,8.352889654674698,0.4493393735000572,Medium Risk
2018,Montana,30,25200.0,0.15231940457729304,9.327408703734669,0.6610228181602372,High Risk
2018,California,53,38463.0,0.12481237004149494,7.210835108572942,0.3354761661625063,Medium Risk
2019,North Carolina,59,95604.0,0.14823938820887886,9.566862475900844,0.36546813044614507,Medium Risk
2018,Tennessee,35,46515.0,0.14742767598554654,8.726114937251483,0.48001979470654493,Medium Risk
2018,Montana,85,8396.0,0.15231940457729304,9.327408703734669,0.2589670504711104,Low Risk
2018,Mississippi,47,59548.0,0.1263212953066887,7.589306479158202,0.36780174131221155,Medium Risk
2018,Massachusetts,25,38000.0,0.12646370605955434,7.48642686947636,0.5572926798093938,Medium Risk
2018,Indiana,64,48801.0,0.15099408009861864,9.583196827897439,0.43445358316862626,Medium Risk
2019,Virginia,46,116001.0,0.1467037488942512,10.338434197959312,0.6094187461144926,High Risk
2019,Michigan,23,23010.0,0.1289923303455059,8.077767777779496,0.6744705980040516,High Risk
2019,Alaska,56,10500.0,0.15608194852803703,9.28034903102316,0.3250376453318494,Medium Risk
2019,Virginia,25,18000.0,0.1467037488942512,10.338434197959312,0.7972491766850859,High Risk
2018,California,43,25000.0,0.12481237004149494,7.210835108572942,0.32896672502073904,Medium Risk
2019,Indiana,28,60000.0,0.138391469633862,8.08064067536899,0.5930657213209356,Medium Risk
2018,Kansas,28,25000.0,0.16747813658580032,10.305371003744845,0.6454080516129044,High Risk
2019,California,57,29000.0,0.11999340498200187,7.037489720218427,0.33019382688932053,Medium Risk
2019,Tennessee,24,9000.0,0.14395167874979217,8.737544951134833,0.5866332080238441,Medium Risk
2019,Louisiana,58,0.0,0.1253982765595869,7.4070489264179065,0.2880784824470359,Low Risk
2019,Tennessee,23,21675.0,0.14395167874979217,8.737544951134833,0.617882313693216,High Risk
2018,Indiana,61,53258.0,0.15099408009861864,9.583196827897439,0.4050339797833122,Medium Risk
2018,Texas,85,13203.0,0.15321477254366406,9.039513845041624,0.2007504603944159,Low Risk
2019,New York,20,36801.0,0.10537645809036159,6.481856373616716,0.5526535398579593,Medium Risk
2019,Arkansas,85,14808.0,0.14372774797645008,8.124553710123143,0.13609933037425984,Low Risk
2019,Alaska,22,31600.0,0.15608194852803703,9.28034903102316,0.6446783242907257,High Risk
2018,Florida,43,145828.0,0.15309784435759996,9.164235773222595,0.45877516475892655,Medium Risk
2018,Tennessee,48,40162.0,0.14742767598554654,8.726114937251483,0.34036255300163176,Medium Risk
2019,Arkansas,80,24174.0,0.14372774797645008,8.124553710123143,0.16212719806822692,Low Risk
2019,California,67,24002.0,0.11999340498200187,7.037489720218427,0.23154408204894164,Low Risk
2019,Vermont,68,10860.0,0.1308504436815856,8.194364623723498,0.24453234290795786,Low Risk
2018,Florida,40,312479.0,0.15309784435759996,9.164235773222595,0.3890228899857911,Medium Risk
2019,West Virginia,48,52000.0,0.11823795452494812,7.5140860810735095,0.36892864193570624,Medium Risk
2019,Michigan,44,54014.0,0.1289923303455059,8.077767777779496,0.4262169204866448,Medium Risk
2019,Texas,28,27005.0,0.14994069335324955,9.06745633206213,0.6084902188767475,High Risk
2018,New Jersey,74,31018.0,0.10718194279273904,6.268532531830965,0.1770495000319018,Low Risk
2019,Kentucky,31,8000.0,0.14227599065658988,9.055889928309721,0.6211871935780484,High Risk
2018,Massachusetts,42,27501.0,0.12646370605955434,7.48642686947636,0.36217042729680937,Medium Risk
2018,Wyoming,63,100676.0,0.15994268367237904,10.097249258417571,0.4449998375531186,Medium Risk
2019,Louisiana,71,85097.0,0.1253982765595869,7.4070489264179065,0.24495376727051868,Low Risk
2018,Alaska,60,47014.0,0.16290272895797922,9.93700412536278,0.3410943993308775,Medium Risk
2018,North Dakota,34,40260.0,0.16889540892875005,11.267111504072677,0.7773484221560869,High Risk
2018,Mississippi,43,0.0,0.1263212953066887,7.589306479158202,0.4167779122260226,Medium Risk
2019,Hawaii,45,36000.0,0.12946917245541475,7.2508908751030345,0.2649000102797028,Low Risk
2019,California,63,15851.0,0.11999340498200187,7.037489720218427,0.31811827399473613,Medium Risk
2019,New York,66,17615.0,0.10537645809036159,6.481856373616716,0.2295870954168911,Low Risk
2019,New Mexico,64,55000.0,0.12403864145352976,7.693024249283769,0.3868737608891409,Medium Risk
2018,Tennessee,64,42665.0,0.14742767598554654,8.726114937251483,0.2926944740541503,Low Risk
2019,Louisiana,23,12000.0,0.1253982765595869,7.4070489264179065,0.5377986883290334,Medium Risk
2018,Arkansas,54,28938.0,0.1467314255798379,9.541829972800207,0.5005278267324561,Medium Risk
2018,California,56,40000.0,0.12481237004149494,7.210835108572942,0.24687014627569798,Low Risk
2019,Maryland,54,0.0,0.12630255324685488,7.984775843618832,0.34479232930663567,Medium Risk
2019,Illinois,20,11600.0,0.1214434063500301,7.567186928797186,0.6322749483725014,High Risk
2018,Arkansas,25,6720.0,0.1467314255798379,9.541829972800207,0.7066419307845536,High Risk
2018,Connecticut,85,6149.0,0.12319558826896027,7.592900432556293,0.20285695788934807,Low Risk
2019,Louisiana,54,48000.0,0.1253982765595869,7.4070489264179065,0.28843462305351963,Low Risk
2018,Indiana,61,26000.0,0.15099408009861864,9.583196827897439,0.3902738606105088,Medium Risk
2019,South Carolina,38,0.0,0.13312258835001364,8.916403390103422,0.502278600503824,Medium Risk
2018,Texas,67,49105.0,0.15321477254366406,9.039513845041624,0.2559834153004796,Low Risk
2018,Wisconsin,52,29206.0,0.13757481711372202,8.358395602911749,0.32546797511124365,Medium Risk
2018,Wisconsin,49,97845.0,0.13757481711372202,8.358395602911749,0.3799359850099116,Medium Risk
2018,Georgia,51,102072.0,0.14414912613868625,8.959831020330972,0.39581699748380994,Medium Risk
2019,Utah,21,18000.0,0.1582643444139373,9.434129768225382,0.6064499432030244,High Risk
2019,Alabama,57,15708.0,0.1344076276588001,8.770671518336524,0.41200587694838364,Medium Risk
2018,Tennessee,20,3000.0,0.14742767598554654,8.726114937251483,0.6033393047282098,High Risk
2019,New York,41,102276.0,0.10537645809036159,6.481856373616716,0.4145527397681586,Medium Risk
2019,Wyoming,21,7108.0,0.17412949218340887,11.757422476469022,0.7992548479505248,High Risk
2019,Minnesota,41,261000.0,0.13246670319726433,8.34641208294014,0.43050800130618333,Medium Risk
2018,Texas,63,18059.0,0.15321477254366406,9.039513845041624,0.31157815824464746,Medium Risk
2019,Louisiana,62,31777.0,0.1253982765595869,7.4070489264179065,0.289366100748692,Low Risk
2019,Utah,44,98213.0,0.1582643444139373,9.434129768225382,0.445530533218813,Medium Risk
2018,Maryland,39,11001.0,0.14069830870123312,8.424592122526205,0.4682478981491461,Medium Risk
2019,Oklahoma,58,53657.0,0.15983382720055855,9.097089817611476,0.25630554406466144,Low Risk
2019,Georgia,28,50.0,0.13953617056616655,9.022109407280606,0.640184052221986,High Risk
2018,Vermont,50,51938.0,0.1278855232828412,8.067773431901623,0.4018908389544656,Medium Risk
2018,Oregon,60,30002.0,0.17195881482080816,10.383655026754692,0.37191042839063587,Medium Risk
2019,Louisiana,62,0.0,0.1253982765595869,7.4070489264179065,0.29026149326692635,Low Risk
2018,Oklahoma,30,505.0,0.17187960009065748,10.401208920195524,0.6901249027986681,High Risk
2018,Florida,80,23129.0,0.15309784435759996,9.164235773222595,0.22597686809569137,Low Risk
2018,Hawaii,52,61003.0,0.13724047182601398,7.7388413842861565,0.22685872657962664,Low Risk
2019,Rhode Island,44,20003.0,0.11440678772741723,6.589904603762166,0.30181130079037555,Medium Risk
2018,Texas,45,60505.0,0.15321477254366406,9.039513845041624,0.3295840007963451,Medium Risk
2018,Arkansas,25,19000.0,0.1467314255798379,9.541829972800207,0.7521861608744177,High Risk
2019,Nevada,56,26700.0,0.17647793972450324,10.356979288538232,0.4348567313892388,Medium Risk
2018,Ohio,63,70002.0,0.14387057975729117,8.822921959110566,0.31769801459256264,Medium Risk
2018,Pennsylvania,26,0.0,0.1227357746325968,7.626603264922634,0.6923697740836743,High Risk
2018,Washington,46,22000.0,0.181380165585309,10.885375544734512,0.40022811884470333,Medium Risk
2018,South Carolina,21,37000.0,0.14316685868498802,8.611013974549307,0.6064425890653975,High Risk
2019,Iowa,47,68000.0,0.13931540005478338,8.910773356193227,0.46266179205636526,Medium Risk
2018,Arkansas,31,0.0,0.1467314255798379,9.541829972800207,0.702294379787002,High Risk
2019,Alabama,80,20345.0,0.1344076276588001,8.770671518336524,0.24621977275680315,Low Risk
2019,Wyoming,56,180615.0,0.17412949218340887,11.757422476469022,0.5225948868572017,Medium Risk
2019,Georgia,71,55040.0,0.13953617056616655,9.022109407280606,0.31964013041630684,Medium Risk
2018,Minnesota,20,0.0,0.1374689951636965,9.278196791289137,0.747742520672712,High Risk
2018,New Mexico,77,49302.0,0.13254808337185278,7.345469172371928,0.14551100192174812,Low Risk
2019,North Carolina,53,16100.0,0.14823938820887886,9.566862475900844,0.46813584944747333,Medium Risk
2018,Illinois,78,14148.0,0.12459168185011736,7.591871656573847,0.20552047902869353,Low Risk
2018,District of Columbia,67,89888.0,0.18102819552665184,11.001913132037291,0.37088588472629913,Medium Risk
2019,Virginia,65,209066.0,0.1467037488942512,10.338434197959312,0.4212561441631135,Medium Risk
2019,Georgia,32,18000.0,0.13953617056616655,9.022109407280606,0.6492400673476154,High Risk
2019,New York,69,69007.0,0.10537645809036159,6.481856373616716,0.281052135504279,Low Risk
2018,Maryland,65,13788.0,0.14069830870123312,8.424592122526205,0.2684739219120941,Low Risk
2019,Oklahoma,47,60100.0,0.15983382720055855,9.097089817611476,0.3123150513280487,Medium Risk
2018,Iowa,30,51158.0,0.14633287019612695,8.866751656886375,0.607528913503321,High Risk
2019,California,36,83236.0,0.11999340498200187,7.037489720218427,0.44678088883193884,Medium Risk
2019,Michigan,67,9000.0,0.1289923303455059,8.077767777779496,0.28262634232316786,Low Risk
2018,Indiana,38,16897.0,0.15099408009861864,9.583196827897439,0.5687916135310316,Medium Risk
2019,North Carolina,78,43720.0,0.14823938820887886,9.566862475900844,0.28719119492702627,Low Risk
2018,Oklahoma,36,33025.0,0.17187960009065748,10.401208920195524,0.49873735875400865,Medium Risk
2019,Tennessee,67,54407.0,0.14395167874979217,8.737544951134833,0.25771604359144534,Low Risk
2019,Tennessee,27,40000.0,0.14395167874979217,8.737544951134833,0.5988671666399715,Medium Risk
2018,New Hampshire,72,46608.0,0.12964342814649563,8.226357453836409,0.2756508368265122,Low Risk
2019,Montana,45,68006.0,0.1654105888964365,10.515618312922854,0.5034389644187521,Medium Risk
2019,Florida,61,65012.0,0.14980312805118373,8.586223456073048,0.2778059150551327,Low Risk
2019,California,31,70200.0,0.11999340498200187,7.037489720218427,0.5919838335097464,Medium Risk
2018,California,35,70002.0,0.12481237004149494,7.210835108572942,0.35906866354875744,Medium Risk
2018,Michigan,25,28002.0,0.1343616265276512,8.06506408500325,0.6539855463894638,High Risk
2018,Texas,34,38360.0,0.15321477254366406,9.039513845041624,0.5403699422435688,Medium Risk
2018,Minnesota,19,14000.0,0.1374689951636965,9.278196791289137,0.7413467417322332,High Risk
2018,California,51,0.0,0.12481237004149494,7.210835108572942,0.24831477945604305,Low Risk
2018,Michigan,46,10.0,0.1343616265276512,8.06506408500325,0.3665447122633483,Medium Risk
2018,Washington,27,23921.0,0.181380165585309,10.885375544734512,0.6573956482854291,High Risk
2018,New Jersey,85,43602.0,0.10718194279273904,6.268532531830965,0.15216222573676558,Low Risk
2018,Michigan,25,25100.0,0.1343616265276512,8.06506408500325,0.5824929285410145,Medium Risk
2018,Minnesota,48,221474.0,0.1374689951636965,9.278196791289137,0.5105047150186,Medium Risk
2019,Illinois,52,20000.0,0.1214434063500301,7.567186928797186,0.3204314678330688,Medium Risk
2018,Louisiana,65,18044.0,0.12366412843919106,7.76410114109847,0.2811970499957285,Low Risk
2019,Nevada,47,225556.0,0.17647793972450324,10.356979288538232,0.3840418286495381,Medium Risk
2019,South Dakota,73,8520.0,0.1532001540034009,9.12429341445576,0.2487502228719153,Low Risk
2019,Wisconsin,33,36843.0,0.13181902691806466,7.5927728395280045,0.5542489432830546,Medium Risk
2018,Missouri,38,35000.0,0.14728893862641496,8.821323388197204,0.40464946629649434,Medium Risk
2019,Michigan,50,34100.0,0.1289923303455059,8.077767777779496,0.3653807940504065,Medium Risk
2018,District of Columbia,35,85646.0,0.18102819552665184,11.001913132037291,0.5714961165382444,Medium Risk
2019,Illinois,66,65010.0,0.1214434063500301,7.567186928797186,0.3104646244055069,Medium Risk
2019,Nevada,49,60634.0,0.17647793972450324,10.356979288538232,0.4083171753432897,Medium Risk
2018,Massachusetts,39,10020.0,0.12646370605955434,7.48642686947636,0.3729242777262657,Medium Risk
2018,Pennsylvania,52,30000.0,0.1227357746325968,7.626603264922634,0.376175602150327,Medium Risk
2018,California,38,0.0,0.12481237004149494,7.210835108572942,0.3586666086675148,Medium Risk
2018,Missouri,21,3500.0,0.14728893862641496,8.821323388197204,0.6156864047652193,High Risk
2018,New York,41,0.0,0.10360406967432093,6.064826107469105,0.3230973540704657,Medium Risk
2018,California,34,25005.0,0.12481237004149494,7.210835108572942,0.4931028342535337,Medium Risk
2018,Tennessee,22,27000.0,0.14742767598554654,8.726114937251483,0.5730321818568862,Medium Risk
2019,Vermont,74,17188.0,0.1308504436815856,8.194364623723498,0.24156061888116695,Low Risk
2018,Washington,32,55007.0,0.181380165585309,10.885375544734512,0.6337170760415978,High Risk
2018,Oregon,31,15000.0,0.17195881482080816,10.383655026754692,0.6237907708451398,High Risk
2019,Utah,37,35000.0,0.1582643444139373,9.434129768225382,0.492473019913809,Medium Risk
2018,Florida,69,10595.0,0.15309784435759996,9.164235773222595,0.27591594059640173,Low Risk
2019,North Carolina,30,37001.0,0.14823938820887886,9.566862475900844,0.6801860838385393,High Risk
2019,California,65,18750.0,0.11999340498200187,7.037489720218427,0.21763573020148055,Low Risk
2018,California,70,66200.0,0.12481237004149494,7.210835108572942,0.26045674613716396,Low Risk
2018,Virginia,64,34391.0,0.15212740701348712,10.6998046941087,0.48242865704121307,Medium Risk
2019,California,46,24000.0,0.11999340498200187,7.037489720218427,0.2686250827104304,Low Risk
2019,New Jersey,48,273705.0,0.10269627893306302,6.051750300482708,0.2875138519008235,Low Risk
2019,California,26,20000.0,0.11999340498200187,7.037489720218427,0.5347644115754494,Medium Risk
2019,Virginia,78,100825.0,0.1467037488942512,10.338434197959312,0.37022333560220105,Medium Risk
2018,Hawaii,54,9000.0,0.13724047182601398,7.7388413842861565,0.2314259892736069,Low Risk
2019,Hawaii,33,46010.0,0.12946917245541475,7.2508908751030345,0.4577315245345923,Medium Risk
2019,Missouri,47,29005.0,0.14320846658408154,9.358547596495988,0.43610942166579114,Medium Risk
2019,Louisiana,26,29007.0,0.1253982765595869,7.4070489264179065,0.6106030305952767,High Risk
2018,Wyoming,41,350023.0,0.15994268367237904,10.097249258417571,0.45625750821557165,Medium Risk
2019,Delaware,26,40001.0,0.12586221013933213,7.57605086757687,0.5642590353497218,Medium Risk
2019,Louisiana,51,8400.0,0.1253982765595869,7.4070489264179065,0.2936007014441797,Low Risk
2019,Arizona,32,13001.0,0.1613533279078746,9.736558251201473,0.5923251072509617,Medium Risk
2019,Tennessee,72,14460.0,0.14395167874979217,8.737544951134833,0.25767913162992556,Low Risk
2018,Florida,30,40001.0,0.15309784435759996,9.164235773222595,0.5825274480639867,Medium Risk
2018,Wyoming,55,14401.0,0.15994268367237904,10.097249258417571,0.4138517102062916,Medium Risk
2019,District of Columbia,46,30010.0,0.19175234676499092,12.29595067158288,0.48903997100613594,Medium Risk
2018,Idaho,28,0.0,0.17064590063386437,10.565848666670341,0.6680829888913506,High Risk
2018,Florida,57,50043.0,0.15309784435759996,9.164235773222595,0.3416952570060409,Medium Risk
2018,Nebraska,74,13067.0,0.15939770484767107,10.450043972542284,0.34848265773335335,Medium Risk
2018,Nebraska,53,55000.0,0.15939770484767107,10.450043972542284,0.4397022932313231,Medium Risk
2019,North Carolina,34,40000.0,0.14823938820887886,9.566862475900844,0.623431818484693,High Risk
2018,Michigan,46,185200.0,0.1343616265276512,8.06506408500325,0.35287076460304273,Medium Risk
2019,Wyoming,57,52630.0,0.17412949218340887,11.757422476469022,0.5919080871244992,Medium Risk
2019,California,48,12000.0,0.11999340498200187,7.037489720218427,0.2860766656261952,Low Risk
2018,Indiana,41,25000.0,0.15099408009861864,9.583196827897439,0.48519869734291565,Medium Risk
2018,Michigan,47,118512.0,0.1343616265276512,8.06506408500325,0.3677277422019172,Medium Risk
2018,District of Columbia,39,100032.0,0.18102819552665184,11.001913132037291,0.5459200826817772,Medium Risk
2018,California,46,0.0,0.12481237004149494,7.210835108572942,0.30895210540038914,Medium Risk
2018,Illinois,60,273927.0,0.12459168185011736,7.591871656573847,0.3231543975572761,Medium Risk
2019,Kansas,46,97406.0,0.15718637633103874,10.03460254921272,0.4806860542283168,Medium Risk
2018,Michigan,25,7005.0,0.1343616265276512,8.06506408500325,0.5904566336715215,Medium Risk
2019,Washington,62,0.0,0.16923542710690564,10.299566001769573,0.4304030794333767,Medium Risk
2018,California,43,30000.0,0.12481237004149494,7.210835108572942,0.38111272900195886,Medium Risk
2018,Georgia,73,10887.0,0.14414912613868625,8.959831020330972,0.2701530949652578,Low Risk
2019,Tennessee,34,65002.0,0.14395167874979217,8.737544951134833,0.5792448709229,Medium Risk
2018,Connecticut,22,14400.0,0.12319558826896027,7.592900432556293,0.5872822049866105,Medium Risk
2018,Nevada,33,0.0,0.16924216007864806,10.323360118991625,0.6763263077784616,High Risk
2019,Texas,34,41002.0,0.14994069335324955,9.06745633206213,0.6302176126502724,High Risk
2019,Alabama,69,31464.0,0.1344076276588001,8.770671518336524,0.3086424898962983,Medium Risk
2018,Vermont,58,36042.0,0.1278855232828412,8.067773431901623,0.33164862508982546,Medium Risk
2018,Rhode Island,19,2300.0,0.11437391159140246,8.243053418365516,0.7090530593923376,High Risk
2018,Michigan,51,170500.0,0.1343616265276512,8.06506408500325,0.36419500283892264,Medium Risk
2019,Idaho,29,102500.0,0.16186795304951973,10.05996599072574,0.684171080952874,High Risk
2018,Florida,37,37403.0,0.15309784435759996,9.164235773222595,0.4456744316119704,Medium Risk
2018,Alaska,19,1100.0,0.16290272895797922,9.93700412536278,0.6436412754601646,High Risk
2018,Indiana,41,0.0,0.15099408009861864,9.583196827897439,0.5157688117029855,Medium Risk
2019,Wisconsin,56,123721.0,0.13181902691806466,7.5927728395280045,0.2664317497917118,Low Risk
2018,Louisiana,66,63600.0,0.12366412843919106,7.76410114109847,0.26575936246587645,Low Risk
2019,Maryland,61,50725.0,0.12630255324685488,7.984775843618832,0.34287076800149724,Medium Risk
2019,Illinois,32,10000.0,0.1214434063500301,7.567186928797186,0.5941021961061597,Medium Risk
2019,South Carolina,48,45032.0,0.13312258835001364,8.916403390103422,0.49382672275789974,Medium Risk
2018,Texas,18,0.0,0.15321477254366406,9.039513845041624,0.6026390894087715,High Risk
2019,Alabama,51,80000.0,0.1344076276588001,8.770671518336524,0.38933502949011367,Medium Risk
2018,Arizona,25,14000.0,0.1695929147772462,9.959072461007478,0.6077311066463627,High Risk
2018,Louisiana,72,15144.0,0.12366412843919106,7.76410114109847,0.23382814402485147,Low Risk
2018,California,65,10705.0,0.12481237004149494,7.210835108572942,0.19503977062662003,Low Risk
2018,Arizona,20,9892.0,0.1695929147772462,9.959072461007478,0.6186221254824659,High Risk
2018,Massachusetts,57,50000.0,0.12646370605955434,7.48642686947636,0.2869002454651336,Low Risk
2018,Vermont,85,38820.0,0.1278855232828412,8.067773431901623,0.2435255069918053,Low Risk
2018,Oklahoma,49,30000.0,0.17187960009065748,10.401208920195524,0.3844923624259942,Medium Risk
2019,Wyoming,85,14459.0,0.17412949218340887,11.757422476469022,0.37173018078324044,Medium Risk
2018,Michigan,37,5.0,0.1343616265276512,8.06506408500325,0.4160304951841688,Medium Risk
2018,Alabama,64,8184.0,0.1364410501043176,8.554541327868636,0.33167441862292396,Medium Risk
2018,Colorado,47,65000.0,0.17862414697314713,11.867097103001274,0.5933998251188555,Medium Risk
2018,Florida,29,95063.0,0.15309784435759996,9.164235773222595,0.6266297200191367,High Risk
2018,Delaware,51,130034.0,0.10977293824379153,6.786915886889976,0.3525467289861619,Medium Risk
2018,Wyoming,42,120000.0,0.15994268367237904,10.097249258417571,0.4576241054713692,Medium Risk
2019,California,24,23500.0,0.11999340498200187,7.037489720218427,0.4961965441743034,Medium Risk
2019,New Hampshire,18,15000.0,0.13047242723983543,8.352889654674698,0.6458012635423986,High Risk
2019,California,53,50001.0,0.11999340498200187,7.037489720218427,0.2744741983957091,Low Risk
2019,California,69,38741.0,0.11999340498200187,7.037489720218427,0.25292151296577503,Low Risk
2019,Georgia,85,11954.0,0.13953617056616655,9.022109407280606,0.24833571542259697,Low Risk
2019,Maryland,42,162250.0,0.12630255324685488,7.984775843618832,0.44509018778579695,Medium Risk
2019,Florida,23,3032.0,0.14980312805118373,8.586223456073048,0.5544530723210153,Medium Risk
2018,New York,41,84000.0,0.10360406967432093,6.064826107469105,0.3253392641334216,Medium Risk
2019,New York,40,79000.0,0.10537645809036159,6.481856373616716,0.45883709999488204,Medium Risk
2018,Texas,18,6200.0,0.15321477254366406,9.039513845041624,0.6018145620265319,High Risk
2019,Mississippi,31,32201.0,0.12230916009140762,7.464005722412704,0.5672494196433058,Medium Risk
2018,California,19,7200.0,0.12481237004149494,7.210835108572942,0.5451283973328428,Medium Risk
2019,Florida,18,0.0,0.14980312805118373,8.586223456073048,0.5665550725476949,Medium Risk
2019,Montana,72,25652.0,0.1654105888964365,10.515618312922854,0.3397723528853156,Medium Risk
2019,Texas,72,8099.0,0.14994069335324955,9.06745633206213,0.237326824003423,Low Risk
2019,Kansas,78,19259.0,0.15718637633103874,10.03460254921272,0.26646795347539853,Low Risk
2019,Ohio,26,23002.0,0.1440203073077734,9.354759566846589,0.6869644794283191,High Risk
2019,Nevada,31,0.0,0.17647793972450324,10.356979288538232,0.6023830953516511,High Risk
2019,Vermont,74,16955.0,0.1308504436815856,8.194364623723498,0.24161469606468625,Low Risk
2019,Pennsylvania,22,0.0,0.12454297450443934,8.069569336366364,0.6489759000557782,High Risk
2018,California,43,54000.0,0.12481237004149494,7.210835108572942,0.31971065692117795,Medium Risk
2018,California,39,50000.0,0.12481237004149494,7.210835108572942,0.36034927437148306,Medium Risk
2019,California,42,30108.0,0.11999340498200187,7.037489720218427,0.3690258551898093,Medium Risk
2018,Wisconsin,63,14863.0,0.13757481711372202,8.358395602911749,0.3117114324691824,Medium Risk
2019,Texas,22,15000.0,0.14994069335324955,9.06745633206213,0.6593989867725628,High Risk
2019,Tennessee,85,129001.0,0.14395167874979217,8.737544951134833,0.17975546943324042,Low Risk
2018,South Dakota,51,43002.0,0.14955277978952589,9.39929456966846,0.4024441848866171,Medium Risk
2018,Kansas,59,31100.0,0.16747813658580032,10.305371003744845,0.3741925760020361,Medium Risk
2019,Washington,29,38005.0,0.16923542710690564,10.299566001769573,0.6429784276747303,High Risk
2019,Pennsylvania,20,4503.0,0.12454297450443934,8.069569336366364,0.6619755723137647,High Risk
2019,California,31,0.0,0.11999340498200187,7.037489720218427,0.5082712698401414,Medium Risk
2019,Connecticut,78,15795.0,0.12039458820051949,7.891387164036669,0.2981498856381404,Low Risk
2018,California,47,10000.0,0.12481237004149494,7.210835108572942,0.2832598880304153,Low Risk
2018,South Carolina,26,16100.0,0.14316685868498802,8.611013974549307,0.6147648522376676,High Risk
2018,Colorado,73,44556.0,0.17862414697314713,11.867097103001274,0.41034925414710227,Medium Risk
2019,Massachusetts,27,60000.0,0.12485197221485887,7.711566660687857,0.5835505147786494,Medium Risk
2019,Alabama,47,94001.0,0.1344076276588001,8.770671518336524,0.40424389842729014,Medium Risk
2019,Mississippi,43,58000.0,0.12230916009140762,7.464005722412704,0.4689978544237437,Medium Risk
2019,Texas,36,105004.0,0.14994069335324955,9.06745633206213,0.48569284248966754,Medium Risk
2018,Kansas,23,4800.0,0.16747813658580032,10.305371003744845,0.6763442966516554,High Risk
2019,Illinois,39,101000.0,0.1214434063500301,7.567186928797186,0.4590760497069954,Medium Risk
2019,Massachusetts,41,196550.0,0.12485197221485887,7.711566660687857,0.42088051551552846,Medium Risk
2018,Pennsylvania,39,38000.0,0.1227357746325968,7.626603264922634,0.4299382584480233,Medium Risk
2018,Minnesota,41,103085.0,0.1374689951636965,9.278196791289137,0.536119829148845,Medium Risk
2019,Oregon,65,3001.0,0.15589035312970106,9.82154468351208,0.36842040335220005,Medium Risk
2018,New Jersey,48,211232.0,0.10718194279273904,6.268532531830965,0.27640043322070884,Low Risk
2018,Michigan,63,6180.0,0.1343616265276512,8.06506408500325,0.2914128812146023,Low Risk
2018,Pennsylvania,49,202001.0,0.1227357746325968,7.626603264922634,0.283021324084819,Low Risk
2019,California,56,32001.0,0.11999340498200187,7.037489720218427,0.2766035726269966,Low Risk
2018,Missouri,58,9600.0,0.14728893862641496,8.821323388197204,0.3503535654940991,Medium Risk
2018,Louisiana,54,15000.0,0.12366412843919106,7.76410114109847,0.33097139407957943,Medium Risk
2018,North Dakota,80,18006.0,0.16889540892875005,11.267111504072677,0.3791738691573796,Medium Risk
2018,Hawaii,42,53727.0,0.13724047182601398,7.7388413842861565,0.363402915537901,Medium Risk
2018,Kentucky,71,54012.0,0.15188435762769684,9.740428478299664,0.3359246925140482,Medium Risk
2019,California,42,75051.0,0.11999340498200187,7.037489720218427,0.380951124221588,Medium Risk
2018,New Mexico,59,70023.0,0.13254808337185278,7.345469172371928,0.2921421937365522,Low Risk
2018,New York,51,0.0,0.10360406967432093,6.064826107469105,0.25576051963532215,Low Risk
2018,California,19,0.0,0.12481237004149494,7.210835108572942,0.5395760741340049,Medium Risk
2019,Louisiana,40,140000.0,0.1253982765595869,7.4070489264179065,0.432303817337193,Medium Risk
2019,District of Columbia,47,20500.0,0.19175234676499092,12.29595067158288,0.4973996964077809,Medium Risk
2019,Kentucky,38,30000.0,0.14227599065658988,9.055889928309721,0.48334825624190686,Medium Risk
2019,South Carolina,26,68400.0,0.13312258835001364,8.916403390103422,0.7399173279223983,High Risk
2018,New York,69,1064.0,0.10360406967432093,6.064826107469105,0.20501215387013264,Low Risk
2019,Washington,85,21400.0,0.16923542710690564,10.299566001769573,0.2272170822953853,Low Risk
2018,Georgia,46,6000.0,0.14414912613868625,8.959831020330972,0.3938523470364075,Medium Risk
2018,Massachusetts,24,10002.0,0.12646370605955434,7.48642686947636,0.5427908179590796,Medium Risk
2019,Minnesota,38,86002.0,0.13246670319726433,8.34641208294014,0.5330953845583386,Medium Risk
2018,Missouri,30,30000.0,0.14728893862641496,8.821323388197204,0.6631984615516734,High Risk
2018,Hawaii,80,12000.0,0.13724047182601398,7.7388413842861565,0.15800000689395557,Low Risk
2018,Georgia,18,0.0,0.14414912613868625,8.959831020330972,0.648044964336101,High Risk
2018,Virginia,28,20000.0,0.15212740701348712,10.6998046941087,0.7799408762818857,High Risk
2019,Tennessee,48,65031.0,0.14395167874979217,8.737544951134833,0.3579591164843087,Medium Risk
2018,Michigan,60,60388.0,0.1343616265276512,8.06506408500325,0.317536331076749,Medium Risk
2018,West Virginia,63,66029.0,0.1128857761393577,6.967353577899955,0.29185299816083365,Low Risk
2019,Ohio,85,4555.0,0.1440203073077734,9.354759566846589,0.2667483550314979,Low Risk
2019,Ohio,37,1.0,0.1440203073077734,9.354759566846589,0.620280074834213,High Risk
2018,Florida,56,29400.0,0.15309784435759996,9.164235773222595,0.36165566888897815,Medium Risk
2018,Mississippi,75,19527.0,0.1263212953066887,7.589306479158202,0.20951809937266974,Low Risk
2019,California,27,15000.0,0.11999340498200187,7.037489720218427,0.5538550678353263,Medium Risk
2018,New Jersey,52,34800.0,0.10718194279273904,6.268532531830965,0.2700957832978159,Low Risk
2019,Texas,41,29000.0,0.14994069335324955,9.06745633206213,0.4500886637797426,Medium Risk
2018,Virginia,37,33001.0,0.15212740701348712,10.6998046941087,0.653708192190077,High Risk
2019,Texas,27,0.0,0.14994069335324955,9.06745633206213,0.6341203781185524,High Risk
2018,California,34,22000.0,0.12481237004149494,7.210835108572942,0.48508294590206824,Medium Risk
2019,Georgia,59,301506.0,0.13953617056616655,9.022109407280606,0.3090099952316787,Medium Risk
2018,Florida,85,19200.0,0.15309784435759996,9.164235773222595,0.24030225162734892,Low Risk
2019,Florida,53,73212.0,0.14980312805118373,8.586223456073048,0.2800451924426139,Low Risk
2018,Illinois,61,35007.0,0.12459168185011736,7.591871656573847,0.29129622110449305,Low Risk
2019,Mississippi,49,9600.0,0.12230916009140762,7.464005722412704,0.31652657124648126,Medium Risk
2018,California,47,0.0,0.12481237004149494,7.210835108572942,0.27945396410334317,Low Risk
2018,Florida,58,63000.0,0.15309784435759996,9.164235773222595,0.32149322454125556,Medium Risk
2018,Mississippi,28,19200.0,0.1263212953066887,7.589306479158202,0.5763372020708835,Medium Risk
2019,Iowa,20,23000.0,0.13931540005478338,8.910773356193227,0.666280696112084,High Risk
2018,Oklahoma,27,48025.0,0.17187960009065748,10.401208920195524,0.6900882749480701,High Risk
2018,South Carolina,39,25646.0,0.14316685868498802,8.611013974549307,0.40247562932471176,Medium Risk
2019,Nevada,45,0.0,0.17647793972450324,10.356979288538232,0.40440723667635775,Medium Risk
2019,Vermont,53,50450.0,0.1308504436815856,8.194364623723498,0.3208619215005795,Medium Risk
2019,Michigan,53,73800.0,0.1289923303455059,8.077767777779496,0.32923649751216394,Medium Risk
2018,Wyoming,37,28620.0,0.15994268367237904,10.097249258417571,0.5340795890558669,Medium Risk
2019,Alabama,51,46201.0,0.1344076276588001,8.770671518336524,0.4127652205064962,Medium Risk
2018,Texas,37,0.0,0.15321477254366406,9.039513845041624,0.4867408548608165,Medium Risk
2019,Idaho,65,113035.0,0.16186795304951973,10.05996599072574,0.3541885711373434,Medium Risk
2018,Arkansas,26,35000.0,0.1467314255798379,9.541829972800207,0.7138079274818159,High Risk
2019,New Jersey,60,57050.0,0.10269627893306302,6.051750300482708,0.25419365565169966,Low Risk
2018,Alabama,52,90000.0,0.1364410501043176,8.554541327868636,0.3312121807891957,Medium Risk
2018,Wisconsin,77,22908.0,0.13757481711372202,8.358395602911749,0.21871472809454626,Low Risk
2018,Washington,30,15001.0,0.181380165585309,10.885375544734512,0.6337264736161627,High Risk
2019,Oklahoma,44,23001.0,0.15983382720055855,9.097089817611476,0.34076138732099037,Medium Risk
2018,Iowa,35,53144.0,0.14633287019612695,8.866751656886375,0.4663200008172447,Medium Risk
2018,Mississippi,46,44000.0,0.1263212953066887,7.589306479158202,0.3783749464513943,Medium Risk
2018,Missouri,40,65323.0,0.14728893862641496,8.821323388197204,0.45829549300142697,Medium Risk
2018,Utah,37,110000.0,0.1704658882331846,10.677140565505383,0.5686638320825268,Medium Risk
2018,New Jersey,62,0.0,0.10718194279273904,6.268532531830965,0.22269104851618726,Low Risk
2018,Georgia,54,37000.0,0.14414912613868625,8.959831020330972,0.3682281067370045,Medium Risk
2019,Nebraska,59,38000.0,0.15097730635349876,9.440580908020666,0.3510650786567882,Medium Risk
2019,California,85,20200.0,0.11999340498200187,7.037489720218427,0.16926627112079162,Low Risk
2018,Vermont,63,41000.0,0.1278855232828412,8.067773431901623,0.3162294096737533,Medium Risk
2018,West Virginia,44,62712.0,0.1128857761393577,6.967353577899955,0.4461659641162162,Medium Risk
2019,Texas,85,12302.0,0.14994069335324955,9.06745633206213,0.20475955984518635,Low Risk
2019,Colorado,68,9369.0,0.17641131755008807,10.845958864203315,0.3741509335613563,Medium Risk
2018,Texas,62,14000.0,0.15321477254366406,9.039513845041624,0.3878803367819602,Medium Risk
2019,Virginia,19,8500.0,0.1467037488942512,10.338434197959312,0.7845083158475215,High Risk
2019,Mississippi,63,3154.0,0.12230916009140762,7.464005722412704,0.31504684944956524,Medium Risk
2018,Texas,21,6500.0,0.15321477254366406,9.039513845041624,0.5861851391032067,Medium Risk
2019,Texas,42,68100.0,0.14994069335324955,9.06745633206213,0.40950683375990204,Medium Risk
2019,Kansas,23,36640.0,0.15718637633103874,10.03460254921272,0.67570113519908,High Risk
2019,Iowa,47,52105.0,0.13931540005478338,8.910773356193227,0.41566222759311966,Medium Risk
2019,Texas,37,30020.0,0.14994069335324955,9.06745633206213,0.4696438858879659,Medium Risk
2018,New York,30,50153.0,0.10360406967432093,6.064826107469105,0.4884221863498743,Medium Risk
2018,Michigan,41,60000.0,0.1343616265276512,8.06506408500325,0.37868884252698404,Medium Risk
2019,Colorado,57,123302.0,0.17641131755008807,10.845958864203315,0.3872108941809749,Medium Risk
2018,Georgia,67,44800.0,0.14414912613868625,8.959831020330972,0.3644403874966086,Medium Risk
2018,Maryland,19,38000.0,0.14069830870123312,8.424592122526205,0.6018780518536642,High Risk
2019,North Dakota,42,42100.0,0.1799477948730248,10.711337734194975,0.42880649412558797,Medium Risk
2018,Nevada,44,30025.0,0.16924216007864806,10.323360118991625,0.4451119139691179,Medium Risk
2018,Wisconsin,29,12000.0,0.13757481711372202,8.358395602911749,0.6553946070269601,High Risk
2019,Nebraska,36,28500.0,0.15097730635349876,9.440580908020666,0.519071784247275,Medium Risk
2019,Utah,27,0.0,0.1582643444139373,9.434129768225382,0.6550298497908373,High Risk
2018,Maryland,80,24276.0,0.14069830870123312,8.424592122526205,0.20253459235345192,Low Risk
2018,Indiana,59,30.0,0.15099408009861864,9.583196827897439,0.42238374405672857,Medium Risk
2019,California,46,0.0,0.11999340498200187,7.037489720218427,0.35584553095364935,Medium Risk
2019,California,56,40000.0,0.11999340498200187,7.037489720218427,0.29186184633274853,Low Risk
2018,Colorado,35,323.0,0.17862414697314713,11.867097103001274,0.7015130674917667,High Risk
2019,New York,55,22000.0,0.10537645809036159,6.481856373616716,0.3088778851354604,Medium Risk
2019,Idaho,23,12006.0,0.16186795304951973,10.05996599072574,0.6722554784537544,High Risk
2019,New Jersey,19,4.0,0.10269627893306302,6.051750300482708,0.5555838466454989,Medium Risk
2019,Hawaii,31,70004.0,0.12946917245541475,7.2508908751030345,0.4376985887932973,Medium Risk
2018,South Carolina,19,9000.0,0.14316685868498802,8.611013974549307,0.6145453766833731,High Risk
2019,Oklahoma,77,9659.0,0.15983382720055855,9.097089817611476,0.19183804704314603,Low Risk
2018,North Dakota,51,9071.0,0.16889540892875005,11.267111504072677,0.5060332806029026,Medium Risk
2019,Florida,32,50000.0,0.14980312805118373,8.586223456073048,0.5006342004133824,Medium Risk
2018,New Mexico,41,0.0,0.13254808337185278,7.345469172371928,0.396456945081236,Medium Risk
2018,Texas,85,9600.0,0.15321477254366406,9.039513845041624,0.17679724430759755,Low Risk
2018,Oklahoma,20,24000.0,0.17187960009065748,10.401208920195524,0.6436148322554497,High Risk
2018,Illinois,27,13337.0,0.12459168185011736,7.591871656573847,0.5491983868702686,Medium Risk
2018,Nebraska,67,83343.0,0.15939770484767107,10.450043972542284,0.4321900129273835,Medium Risk
2018,New Mexico,59,130050.0,0.13254808337185278,7.345469172371928,0.2581135272027496,Low Risk
2019,California,56,128354.0,0.11999340498200187,7.037489720218427,0.3072188375116807,Medium Risk
2018,Connecticut,30,0.0,0.12319558826896027,7.592900432556293,0.6435603439180065,High Risk
2018,West Virginia,63,27420.0,0.1128857761393577,6.967353577899955,0.28330103561309333,Low Risk
2018,Florida,66,0.0,0.15309784435759996,9.164235773222595,0.2845985103638846,Low Risk
2018,Arizona,27,0.0,0.1695929147772462,9.959072461007478,0.6154435330778647,High Risk
2019,West Virginia,49,31000.0,0.11823795452494812,7.5140860810735095,0.3495828703221658,Medium Risk
2019,Illinois,40,110650.0,0.1214434063500301,7.567186928797186,0.45889203436639686,Medium Risk
2018,Florida,51,58475.0,0.15309784435759996,9.164235773222595,0.3765513908541118,Medium Risk
2018,Idaho,29,50000.0,0.17064590063386437,10.565848666670341,0.6697014455970429,High Risk
2019,California,75,14400.0,0.11999340498200187,7.037489720218427,0.1705745510251115,Low Risk
2019,Hawaii,56,46000.0,0.12946917245541475,7.2508908751030345,0.23049544316615658,Low Risk
2018,Massachusetts,22,0.0,0.12646370605955434,7.48642686947636,0.55583316037622,Medium Risk
2019,Washington,49,40031.0,0.16923542710690564,10.299566001769573,0.4389911112277519,Medium Risk
2018,Wisconsin,26,17000.0,0.13757481711372202,8.358395602911749,0.6661941991137116,High Risk
2018,Alabama,41,28000.0,0.1364410501043176,8.554541327868636,0.4589711752239846,Medium Risk
2019,Rhode Island,56,0.0,0.11440678772741723,6.589904603762166,0.25552534170618796,Low Risk
2018,South Carolina,53,35000.0,0.14316685868498802,8.611013974549307,0.3000462151648771,Medium Risk
2019,Ohio,41,80015.0,0.1440203073077734,9.354759566846589,0.5177120489774846,Medium Risk
2018,New York,42,18000.0,0.10360406967432093,6.064826107469105,0.3882588872554081,Medium Risk
2019,Iowa,80,32741.0,0.13931540005478338,8.910773356193227,0.2775334925136045,Low Risk
2018,Texas,73,25931.0,0.15321477254366406,9.039513845041624,0.24671038572929893,Low Risk
2019,Mississippi,60,48030.0,0.12230916009140762,7.464005722412704,0.29533606506509386,Low Risk
2019,Rhode Island,64,13608.0,0.11440678772741723,6.589904603762166,0.23939398458661965,Low Risk
2019,New York,27,60005.0,0.10537645809036159,6.481856373616716,0.6357470760069034,High Risk
2018,California,39,38015.0,0.12481237004149494,7.210835108572942,0.37220591550876225,Medium Risk
2018,Georgia,80,114373.0,0.14414912613868625,8.959831020330972,0.2621100412488317,Low Risk
2019,Hawaii,23,26941.0,0.12946917245541475,7.2508908751030345,0.4437451180886276,Medium Risk
2019,California,30,52010.0,0.11999340498200187,7.037489720218427,0.5362505937331971,Medium Risk
2019,Arkansas,35,22500.0,0.14372774797645008,8.124553710123143,0.3825799864404286,Medium Risk
2018,Idaho,76,9555.0,0.17064590063386437,10.565848666670341,0.2977031483133485,Low Risk
2018,Nevada,48,57870.0,0.16924216007864806,10.323360118991625,0.3714266414803536,Medium Risk
2019,Mississippi,22,8000.0,0.12230916009140762,7.464005722412704,0.5994543846489051,Medium Risk
2018,Colorado,64,112042.0,0.17862414697314713,11.867097103001274,0.4717560456805206,Medium Risk
2018,New Jersey,34,97000.0,0.10718194279273904,6.268532531830965,0.5451118725327976,Medium Risk
2019,California,63,33800.0,0.11999340498200187,7.037489720218427,0.24320371997009538,Low Risk
2018,Rhode Island,35,76476.0,0.11437391159140246,8.243053418365516,0.5879559552777508,Medium Risk
2018,Connecticut,39,38000.0,0.12319558826896027,7.592900432556293,0.38120732010899044,Medium Risk
2019,Washington,38,95710.0,0.16923542710690564,10.299566001769573,0.5157860680581207,Medium Risk
2018,Arkansas,34,22000.0,0.1467314255798379,9.541829972800207,0.663673090986933,High Risk
2018,Michigan,75,41224.0,0.1343616265276512,8.06506408500325,0.25798017108073057,Low Risk
2019,West Virginia,76,16034.0,0.11823795452494812,7.5140860810735095,0.24905198589514194,Low Risk
2018,Texas,50,18001.0,0.15321477254366406,9.039513845041624,0.34757581617660216,Medium Risk
2019,Wyoming,67,59050.0,0.17412949218340887,11.757422476469022,0.511175661100875,Medium Risk
2018,Illinois,26,109000.0,0.12459168185011736,7.591871656573847,0.6247903275935819,High Risk
2019,Kansas,43,33467.0,0.15718637633103874,10.03460254921272,0.554329037123992,Medium Risk
2019,Texas,34,78150.0,0.14994069335324955,9.06745633206213,0.5548376612997113,Medium Risk
2019,New Hampshire,21,12700.0,0.13047242723983543,8.352889654674698,0.661520413310163,High Risk
2018,West Virginia,37,162615.0,0.1128857761393577,6.967353577899955,0.417431049488736,Medium Risk
2019,Arkansas,32,97939.0,0.14372774797645008,8.124553710123143,0.4977652507299323,Medium Risk
2018,Vermont,33,134012.0,0.1278855232828412,8.067773431901623,0.6060757556673322,High Risk
2019,New Mexico,64,112011.0,0.12403864145352976,7.693024249283769,0.29650922493264076,Low Risk
2018,Wyoming,52,31001.0,0.15994268367237904,10.097249258417571,0.39850266696988557,Medium Risk
2019,Arkansas,34,7896.0,0.14372774797645008,8.124553710123143,0.5059240295492429,Medium Risk
2019,South Carolina,52,150200.0,0.13312258835001364,8.916403390103422,0.4821622366550133,Medium Risk
2019,Illinois,38,24000.0,0.1214434063500301,7.567186928797186,0.4214587201588361,Medium Risk
2018,New Jersey,55,116370.0,0.10718194279273904,6.268532531830965,0.32891893735374356,Medium Risk
2019,Montana,80,20490.0,0.1654105888964365,10.515618312922854,0.2947177326960251,Low Risk
2018,Vermont,38,65035.0,0.1278855232828412,8.067773431901623,0.4514430178553691,Medium Risk
2019,District of Columbia,69,429145.0,0.19175234676499092,12.29595067158288,0.3570962742337228,Medium Risk
2019,Oklahoma,37,14076.0,0.15983382720055855,9.097089817611476,0.3983395900826563,Medium Risk
2018,Iowa,33,40008.0,0.14633287019612695,8.866751656886375,0.5802124292342601,Medium Risk
2019,Hawaii,76,4879.0,0.12946917245541475,7.2508908751030345,0.1533684781968767,Low Risk
2019,Texas,51,91276.0,0.14994069335324955,9.06745633206213,0.4187602630266344,Medium Risk
2019,Hawaii,40,35002.0,0.12946917245541475,7.2508908751030345,0.3872162415406376,Medium Risk
2019,Florida,55,16309.0,0.14980312805118373,8.586223456073048,0.3851450668420746,Medium Risk
2019,Idaho,21,24000.0,0.16186795304951973,10.05996599072574,0.6698096740844453,High Risk
2019,Massachusetts,51,103204.0,0.12485197221485887,7.711566660687857,0.3563246663073028,Medium Risk
2018,Florida,59,21000.0,0.15309784435759996,9.164235773222595,0.32090286503690063,Medium Risk
2019,Alabama,29,0.0,0.1344076276588001,8.770671518336524,0.6635731995575955,High Risk
2018,Virginia,49,124845.0,0.15212740701348712,10.6998046941087,0.5310826674972343,Medium Risk
2018,Wisconsin,50,25742.0,0.13757481711372202,8.358395602911749,0.33529069119492916,Medium Risk
2019,Georgia,44,46597.0,0.13953617056616655,9.022109407280606,0.6054389762361032,High Risk
2019,Arkansas,80,9659.0,0.14372774797645008,8.124553710123143,0.16886371285270882,Low Risk
2018,Kentucky,30,30000.0,0.15188435762769684,9.740428478299664,0.7208318843218597,High Risk
2019,Indiana,46,74000.0,0.138391469633862,8.08064067536899,0.29839805632726846,Low Risk
2019,New Hampshire,63,0.0,0.13047242723983543,8.352889654674698,0.4046798833419782,Medium Risk
2018,Colorado,48,20065.0,0.17862414697314713,11.867097103001274,0.5092948136310695,Medium Risk
2018,Maryland,53,3.0,0.14069830870123312,8.424592122526205,0.397198336270261,Medium Risk
2019,Virginia,30,5150.0,0.1467037488942512,10.338434197959312,0.825691287355028,High Risk
2018,Texas,36,1005.0,0.15321477254366406,9.039513845041624,0.4914222341097362,Medium Risk
2019,New York,49,75000.0,0.10537645809036159,6.481856373616716,0.3099506799734682,Medium Risk
2019,New York,41,30001.0,0.10537645809036159,6.481856373616716,0.38586351293800086,Medium Risk
2019,Pennsylvania,66,21233.0,0.12454297450443934,8.069569336366364,0.3874437586431807,Medium Risk
2018,Kentucky,76,40958.0,0.15188435762769684,9.740428478299664,0.31755930146695743,Medium Risk
2019,Indiana,51,210100.0,0.138391469633862,8.08064067536899,0.2970224003265839,Low Risk
2018,California,80,19259.0,0.12481237004149494,7.210835108572942,0.18391002636083076,Low Risk
2018,Florida,38,45010.0,0.15309784435759996,9.164235773222595,0.4804837209679757,Medium Risk
2018,California,58,697.0,0.12481237004149494,7.210835108572942,0.29493082108771485,Low Risk
2018,Minnesota,37,116650.0,0.1374689951636965,9.278196791289137,0.5605713076951907,Medium Risk
2019,Massachusetts,76,22091.0,0.12485197221485887,7.711566660687857,0.267940259031912,Low Risk
2018,Iowa,38,24002.0,0.14633287019612695,8.866751656886375,0.451667722416375,Medium Risk
2019,Virginia,46,5.0,0.1467037488942512,10.338434197959312,0.5629141046717208,Medium Risk
2019,Missouri,20,18500.0,0.14320846658408154,9.358547596495988,0.7066534647658863,High Risk
2019,Florida,68,0.0,0.14980312805118373,8.586223456073048,0.27037750924564874,Low Risk
2019,New Mexico,29,20000.0,0.12403864145352976,7.693024249283769,0.6232803618025115,High Risk
2018,Florida,25,35002.0,0.15309784435759996,9.164235773222595,0.6613876292321449,High Risk
2019,California,66,21000.0,0.11999340498200187,7.037489720218427,0.2137688597802739,Low Risk
2019,California,36,100000.0,0.11999340498200187,7.037489720218427,0.44262647040117653,Medium Risk
2019,Florida,63,103000.0,0.14980312805118373,8.586223456073048,0.3235204416560105,Medium Risk
2018,New Mexico,44,105425.0,0.13254808337185278,7.345469172371928,0.34993588869314385,Medium Risk
2018,Hawaii,38,179995.0,0.13724047182601398,7.7388413842861565,0.38133280717473345,Medium Risk
2019,Oklahoma,40,42000.0,0.15983382720055855,9.097089817611476,0.46490943067478796,Medium Risk
2019,New Mexico,47,9000.0,0.12403864145352976,7.693024249283769,0.3410868723319534,Medium Risk
2019,Georgia,25,42000.0,0.13953617056616655,9.022109407280606,0.6749935040693791,High Risk
2018,Connecticut,30,10.0,0.12319558826896027,7.592900432556293,0.63528006372349,High Risk
2018,South Dakota,47,0.0,0.14955277978952589,9.39929456966846,0.4043572174036789,Medium Risk
2019,California,55,102400.0,0.11999340498200187,7.037489720218427,0.2798120960010391,Low Risk
2018,Texas,80,0.0,0.15321477254366406,9.039513845041624,0.19372263929889427,Low Risk
2018,Oregon,26,4902.0,0.17195881482080816,10.383655026754692,0.7002429664486071,High Risk
2018,Illinois,74,6285.0,0.12459168185011736,7.591871656573847,0.20196478839166815,Low Risk
2018,California,55,3000.0,0.12481237004149494,7.210835108572942,0.2738862590662145,Low Risk
2018,South Carolina,60,0.0,0.14316685868498802,8.611013974549307,0.36856034801270265,Medium Risk
2018,California,55,33002.0,0.12481237004149494,7.210835108572942,0.2802737316725198,Low Risk
2019,Hawaii,70,51883.0,0.12946917245541475,7.2508908751030345,0.20649939300831235,Low Risk
2019,Virginia,63,22800.0,0.1467037488942512,10.338434197959312,0.5372026135774639,Medium Risk
2019,Florida,39,150040.0,0.14980312805118373,8.586223456073048,0.4252820939504238,Medium Risk
2018,Maryland,69,21875.0,0.14069830870123312,8.424592122526205,0.23445857669025225,Low Risk
2018,Illinois,46,66006.0,0.12459168185011736,7.591871656573847,0.3383549768888538,Medium Risk
2019,Mississippi,32,30000.0,0.12230916009140762,7.464005722412704,0.5718296378142678,Medium Risk
2019,Delaware,54,42512.0,0.12586221013933213,7.57605086757687,0.2773877481782039,Low Risk
2019,North Carolina,53,70200.0,0.14823938820887886,9.566862475900844,0.48225630857970364,Medium Risk
2018,California,70,93964.0,0.12481237004149494,7.210835108572942,0.20026621123034824,Low Risk
2018,Connecticut,78,144648.0,0.12319558826896027,7.592900432556293,0.23275696230312293,Low Risk
2018,Iowa,27,50000.0,0.14633287019612695,8.866751656886375,0.6623163686767282,High Risk
2019,South Dakota,55,77000.0,0.1532001540034009,9.12429341445576,0.33691918758975586,Medium Risk
2018,Mississippi,36,0.0,0.1263212953066887,7.589306479158202,0.41155363850027693,Medium Risk
2018,Texas,64,45000.0,0.15321477254366406,9.039513845041624,0.36923169522335175,Medium Risk
2018,Kansas,68,8832.0,0.16747813658580032,10.305371003744845,0.3132273781112605,Medium Risk
2019,Indiana,64,63161.0,0.138391469633862,8.08064067536899,0.3106789688483943,Medium Risk
2018,New Mexico,45,83631.0,0.13254808337185278,7.345469172371928,0.2982949065688395,Low Risk
2018,California,36,136032.0,0.12481237004149494,7.210835108572942,0.39098241525974015,Medium Risk
2018,New York,73,134500.0,0.10360406967432093,6.064826107469105,0.16062879377245043,Low Risk
2019,California,51,100130.0,0.11999340498200187,7.037489720218427,0.30569660751774924,Medium Risk
2018,New Hampshire,26,26400.0,0.12964342814649563,8.226357453836409,0.6889217793687171,High Risk
2019,North Dakota,55,32015.0,0.1799477948730248,10.711337734194975,0.3786660329796236,Medium Risk
2018,Montana,27,35100.0,0.15231940457729304,9.327408703734669,0.6190179222174547,High Risk
2018,South Carolina,62,2269.0,0.14316685868498802,8.611013974549307,0.31940781433574594,Medium Risk
2018,Illinois,32,20000.0,0.12459168185011736,7.591871656573847,0.5811303926463716,Medium Risk
2019,Wyoming,29,62022.0,0.17412949218340887,11.757422476469022,0.7738521920175585,High Risk
2019,California,34,48011.0,0.11999340498200187,7.037489720218427,0.5508467493878918,Medium Risk
2019,Arkansas,85,3168.0,0.14372774797645008,8.124553710123143,0.15239812362099608,Low Risk
2019,North Carolina,80,16859.0,0.14823938820887886,9.566862475900844,0.285966510607806,Low Risk
2019,Kansas,66,70415.0,0.15718637633103874,10.03460254921272,0.4185083348457661,Medium Risk
2019,Idaho,50,20001.0,0.16186795304951973,10.05996599072574,0.3672155162322469,Medium Risk
2019,New York,51,175000.0,0.10537645809036159,6.481856373616716,0.27547160665306686,Low Risk
2018,Wyoming,51,35000.0,0.15994268367237904,10.097249258417571,0.4999378548086385,Medium Risk
2019,Nevada,85,35040.0,0.17647793972450324,10.356979288538232,0.20085657180663719,Low Risk
2018,Pennsylvania,38,218215.0,0.1227357746325968,7.626603264922634,0.3682760214099587,Medium Risk
2019,Mississippi,55,66000.0,0.12230916009140762,7.464005722412704,0.3128504445697988,Medium Risk
2019,New York,55,76210.0,0.10537645809036159,6.481856373616716,0.337250024516272,Medium Risk
2019,Kansas,58,15636.0,0.15718637633103874,10.03460254921272,0.4242812706283721,Medium Risk
2019,Arkansas,39,48530.0,0.14372774797645008,8.124553710123143,0.4100567903218043,Medium Risk
2018,Texas,46,14002.0,0.15321477254366406,9.039513845041624,0.3136570175988579,Medium Risk
2018,New York,64,41199.0,0.10360406967432093,6.064826107469105,0.22506977602108902,Low Risk
2018,North Carolina,71,35066.0,0.15096919180810042,9.756879190128968,0.3381241971304406,Medium Risk
2018,California,62,80577.0,0.12481237004149494,7.210835108572942,0.32029656207960217,Medium Risk
2018,North Carolina,30,22000.0,0.15096919180810042,9.756879190128968,0.6843368565443436,High Risk
2018,Delaware,70,40517.0,0.10977293824379153,6.786915886889976,0.22571157051220891,Low Risk
2018,California,35,46800.0,0.12481237004149494,7.210835108572942,0.4307834814986809,Medium Risk
2019,Oregon,71,82306.0,0.15589035312970106,9.82154468351208,0.303127393358859,Medium Risk
2019,Colorado,47,60051.0,0.17641131755008807,10.845958864203315,0.4734536720476428,Medium Risk
2018,Michigan,34,30.0,0.1343616265276512,8.06506408500325,0.6426135085972872,High Risk
2018,Montana,37,148000.0,0.15231940457729304,9.327408703734669,0.4847158848495319,Medium Risk
2018,California,39,45000.0,0.12481237004149494,7.210835108572942,0.4031618866962525,Medium Risk
2019,Iowa,39,22000.0,0.13931540005478338,8.910773356193227,0.5122704158829545,Medium Risk
2018,Wisconsin,37,71703.0,0.13757481711372202,8.358395602911749,0.4187235551328914,Medium Risk
2018,Iowa,24,42692.0,0.14633287019612695,8.866751656886375,0.5797085424236993,Medium Risk
2019,North Carolina,36,600.0,0.14823938820887886,9.566862475900844,0.5301465565470549,Medium Risk
2019,Georgia,51,121520.0,0.13953617056616655,9.022109407280606,0.42950346049399724,Medium Risk
2018,Wyoming,38,56602.0,0.15994268367237904,10.097249258417571,0.48863305934199286,Medium Risk
2018,District of Columbia,20,0.0,0.18102819552665184,11.001913132037291,0.6691899090426581,High Risk
2019,South Dakota,61,104122.0,0.1532001540034009,9.12429341445576,0.3799673159177548,Medium Risk
2019,Washington,22,22000.0,0.16923542710690564,10.299566001769573,0.6368279080192274,High Risk
2018,Florida,18,2000.0,0.15309784435759996,9.164235773222595,0.6241765353704728,High Risk
2018,Missouri,20,23920.0,0.14728893862641496,8.821323388197204,0.6142992184371672,High Risk
2018,Oregon,32,91562.0,0.17195881482080816,10.383655026754692,0.6499082681828879,High Risk
2018,Idaho,57,14119.0,0.17064590063386437,10.565848666670341,0.41847097107847775,Medium Risk
2019,Delaware,70,143700.0,0.12586221013933213,7.57605086757687,0.2650207269188907,Low Risk
2018,North Dakota,39,32000.0,0.16889540892875005,11.267111504072677,0.6249672281501906,High Risk
2018,Nevada,28,115200.0,0.16924216007864806,10.323360118991625,0.6132742783498859,High Risk
2019,Louisiana,79,39600.0,0.1253982765595869,7.4070489264179065,0.2425248023850772,Low Risk
2018,Florida,69,43200.0,0.15309784435759996,9.164235773222595,0.2618240818702208,Low Risk
2018,Colorado,31,54898.0,0.17862414697314713,11.867097103001274,0.7677081665123815,High Risk
2019,Nevada,33,22000.0,0.17647793972450324,10.356979288538232,0.5638669121073631,Medium Risk
2019,Ohio,55,20002.0,0.1440203073077734,9.354759566846589,0.41297376238408573,Medium Risk
2018,Louisiana,33,61701.0,0.12366412843919106,7.76410114109847,0.656355060636377,High Risk
2019,South Dakota,28,641.0,0.1532001540034009,9.12429341445576,0.609473782510416,High Risk
2018,Texas,31,60000.0,0.15321477254366406,9.039513845041624,0.6517777151205307,High Risk
2019,New York,62,8000.0,0.10537645809036159,6.481856373616716,0.2699093911469708,Low Risk
2018,Pennsylvania,40,35270.0,0.1227357746325968,7.626603264922634,0.49530726735143393,Medium Risk
2019,Washington,63,104250.0,0.16923542710690564,10.299566001769573,0.3935846008576804,Medium Risk
2018,California,60,50150.0,0.12481237004149494,7.210835108572942,0.27404154017934945,Low Risk
2019,Oregon,24,4000.0,0.15589035312970106,9.82154468351208,0.7135550925674573,High Risk
2019,Texas,37,55265.0,0.14994069335324955,9.06745633206213,0.496438339179157,Medium Risk
2019,Alaska,56,47553.0,0.15608194852803703,9.28034903102316,0.3148262828093563,Medium Risk
2019,Vermont,21,0.0,0.1308504436815856,8.194364623723498,0.6311087310984197,High Risk
2019,Ohio,64,25001.0,0.1440203073077734,9.354759566846589,0.3950393746894176,Medium Risk
2019,Hawaii,24,36002.0,0.12946917245541475,7.2508908751030345,0.45476029946774316,Medium Risk
2018,Texas,40,78324.0,0.15321477254366406,9.039513845041624,0.4885708060297428,Medium Risk
2019,South Dakota,45,46202.0,0.1532001540034009,9.12429341445576,0.34722616125236233,Medium Risk
2019,Kansas,24,20000.0,0.15718637633103874,10.03460254921272,0.644018881564486,High Risk
2018,Florida,51,300034.0,0.15309784435759996,9.164235773222595,0.3444249851169914,Medium Risk
2018,Indiana,39,11016.0,0.15099408009861864,9.583196827897439,0.5657088948659073,Medium Risk
2018,Hawaii,85,37307.0,0.13724047182601398,7.7388413842861565,0.12830330153783467,Low Risk
2019,California,43,12000.0,0.11999340498200187,7.037489720218427,0.3160618499713886,Medium Risk
2018,North Dakota,80,22140.0,0.16889540892875005,11.267111504072677,0.35687726270000625,Medium Risk
2018,Montana,22,22502.0,0.15231940457729304,9.327408703734669,0.6322903934201726,High Risk
2019,California,21,0.0,0.11999340498200187,7.037489720218427,0.5464866188392768,Medium Risk
2019,North Dakota,70,150000.0,0.1799477948730248,10.711337734194975,0.3123091502256754,Medium Risk
2018,Texas,41,83000.0,0.15321477254366406,9.039513845041624,0.3850488082754829,Medium Risk
2019,Kansas,34,38520.0,0.15718637633103874,10.03460254921272,0.7029014652893154,High Risk
2019,Alabama,66,12191.0,0.1344076276588001,8.770671518336524,0.3104441370132409,Medium Risk
2019,Mississippi,35,22020.0,0.12230916009140762,7.464005722412704,0.5100142809557154,Medium Risk
2019,Louisiana,53,10000.0,0.1253982765595869,7.4070489264179065,0.29509657500090647,Low Risk
2019,Idaho,39,2821.0,0.16186795304951973,10.05996599072574,0.48203977367980977,Medium Risk
2018,Connecticut,31,52595.0,0.12319558826896027,7.592900432556293,0.6149856865796716,High Risk
2019,Alaska,52,89699.0,0.15608194852803703,9.28034903102316,0.35714256963978497,Medium Risk
2018,California,23,55800.0,0.12481237004149494,7.210835108572942,0.5235231980950653,Medium Risk
2018,California,32,60000.0,0.12481237004149494,7.210835108572942,0.558223263646654,Medium Risk
2018,Wyoming,58,40416.0,0.15994268367237904,10.097249258417571,0.39149282551699144,Medium Risk
2019,Nebraska,33,24000.0,0.15097730635349876,9.440580908020666,0.6482497483083526,High Risk
2018,Illinois,24,33001.0,0.12459168185011736,7.591871656573847,0.5885755934315012,Medium Risk
2018,Florida,30,33000.0,0.15309784435759996,9.164235773222595,0.6065126430571295,High Risk
2019,California,24,44000.0,0.11999340498200187,7.037489720218427,0.583360718949121,Medium Risk
2019,Ohio,67,7205.0,0.1440203073077734,9.354759566846589,0.3419981061632683,Medium Risk
2018,New Hampshire,27,30000.0,0.12964342814649563,8.226357453836409,0.6150891458314429,High Risk
2019,California,22,15001.0,0.11999340498200187,7.037489720218427,0.5503844996302615,Medium Risk
2018,Arkansas,70,47222.0,0.1467314255798379,9.541829972800207,0.3412261881687268,Medium Risk
2018,New Hampshire,37,12751.0,0.12964342814649563,8.226357453836409,0.4554239853719797,Medium Risk
2019,Idaho,32,37000.0,0.16186795304951973,10.05996599072574,0.629505498380987,High Risk
2019,Wisconsin,20,24005.0,0.13181902691806466,7.5927728395280045,0.5374762707163192,Medium Risk
2018,Oregon,80,26496.0,0.17195881482080816,10.383655026754692,0.24428432175324472,Low Risk
2019,West Virginia,67,42816.0,0.11823795452494812,7.5140860810735095,0.26653387822884356,Low Risk
2018,Arkansas,73,11489.0,0.1467314255798379,9.541829972800207,0.3179421512730122,Medium Risk
2019,Maine,42,29912.0,0.12698324492211202,7.788011166968911,0.40893014482497547,Medium Risk
2019,California,43,200100.0,0.11999340498200187,7.037489720218427,0.37816110588741997,Medium Risk
2018,Oklahoma,54,17012.0,0.17187960009065748,10.401208920195524,0.37769093073489607,Medium Risk
2019,Missouri,66,20772.0,0.14320846658408154,9.358547596495988,0.37239932973562184,Medium Risk
2018,Virginia,18,0.0,0.15212740701348712,10.6998046941087,0.7984541605406542,High Risk
2019,Missouri,21,5100.0,0.14320846658408154,9.358547596495988,0.7170260242945293,High Risk
2019,District of Columbia,64,101000.0,0.19175234676499092,12.29595067158288,0.4866011891129355,Medium Risk
2019,Alabama,42,11183.0,0.1344076276588001,8.770671518336524,0.5065839246404906,Medium Risk
2019,Kansas,43,62010.0,0.15718637633103874,10.03460254921272,0.5453802099215345,Medium Risk
2018,California,58,23604.0,0.12481237004149494,7.210835108572942,0.2636419511831044,Low Risk
2018,Mississippi,18,0.0,0.1263212953066887,7.589306479158202,0.5898466923991029,Medium Risk
2019,Iowa,50,27303.0,0.13931540005478338,8.910773356193227,0.38701832637672917,Medium Risk
2019,Mississippi,60,15000.0,0.12230916009140762,7.464005722412704,0.3052835974384212,Medium Risk
2018,New York,30,21669.0,0.10360406967432093,6.064826107469105,0.48846692457175694,Medium Risk
2018,Hawaii,49,137070.0,0.13724047182601398,7.7388413842861565,0.25590214153839064,Low Risk
2018,Wyoming,43,75016.0,0.15994268367237904,10.097249258417571,0.5566749555902466,Medium Risk
2019,Maryland,58,53002.0,0.12630255324685488,7.984775843618832,0.3353603537406369,Medium Risk
2018,North Dakota,26,28002.0,0.16889540892875005,11.267111504072677,0.7774143919436676,High Risk
2018,Idaho,35,25020.0,0.17064590063386437,10.565848666670341,0.5067453756314305,Medium Risk
2018,South Carolina,37,7000.0,0.14316685868498802,8.611013974549307,0.4252814652088538,Medium Risk
2018,Colorado,47,121615.0,0.17862414697314713,11.867097103001274,0.6160662083310517,High Risk
2018,Texas,32,20000.0,0.15321477254366406,9.039513845041624,0.548252805662159,Medium Risk
2018,Idaho,80,13379.0,0.17064590063386437,10.565848666670341,0.24790981907444454,Low Risk
2019,Connecticut,79,12713.0,0.12039458820051949,7.891387164036669,0.22934384646501865,Low Risk
2018,Oklahoma,24,29001.0,0.17187960009065748,10.401208920195524,0.6319577981103663,High Risk
2018,District of Columbia,70,107173.0,0.18102819552665184,11.001913132037291,0.3215843073288402,Medium Risk
2018,Hawaii,26,2.0,0.13724047182601398,7.7388413842861565,0.5248636916739055,Medium Risk
2018,West Virginia,40,1.0,0.1128857761393577,6.967353577899955,0.39715774280740007,Medium Risk
2019,Louisiana,68,42000.0,0.1253982765595869,7.4070489264179065,0.29332448479627143,Low Risk
2018,Colorado,57,239050.0,0.17862414697314713,11.867097103001274,0.5652733307941171,Medium Risk
2019,Texas,18,400.0,0.14994069335324955,9.06745633206213,0.6017747284175543,High Risk
2019,North Carolina,57,19000.0,0.14823938820887886,9.566862475900844,0.4471732560077775,Medium Risk
2018,Vermont,51,196000.0,0.1278855232828412,8.067773431901623,0.3543241274031795,Medium Risk
2019,Arizona,45,140007.0,0.1613533279078746,9.736558251201473,0.43285096060665673,Medium Risk
2018,California,77,40221.0,0.12481237004149494,7.210835108572942,0.15987381118156235,Low Risk
2018,Mississippi,43,41200.0,0.1263212953066887,7.589306479158202,0.46312555127201344,Medium Risk
2019,Texas,80,8400.0,0.14994069335324955,9.06745633206213,0.20951791363881453,Low Risk
2019,New York,39,33405.0,0.10537645809036159,6.481856373616716,0.4368827850423693,Medium Risk
2018,Rhode Island,59,70.0,0.11437391159140246,8.243053418365516,0.5159999467775921,Medium Risk
2019,New York,47,82730.0,0.10537645809036159,6.481856373616716,0.3555069883558293,Medium Risk
2019,Louisiana,59,74101.0,0.1253982765595869,7.4070489264179065,0.2723553772783488,Low Risk
2019,Massachusetts,48,115000.0,0.12485197221485887,7.711566660687857,0.37510693092875486,Medium Risk
2018,Wisconsin,40,15400.0,0.13757481711372202,8.358395602911749,0.4783229475755018,Medium Risk
2018,New York,49,7002.0,0.10360406967432093,6.064826107469105,0.3545607778083489,Medium Risk
2018,Utah,85,29502.0,0.1704658882331846,10.677140565505383,0.2761051094940008,Low Risk
2019,Illinois,63,2351.0,0.1214434063500301,7.567186928797186,0.3365025608556632,Medium Risk
2019,Texas,39,60100.0,0.14994069335324955,9.06745633206213,0.4502422509328377,Medium Risk
2018,Utah,37,0.0,0.1704658882331846,10.677140565505383,0.5938340468764783,Medium Risk
2019,Kentucky,65,80000.0,0.14227599065658988,9.055889928309721,0.30895062312557403,Medium Risk
2019,Pennsylvania,26,0.0,0.12454297450443934,8.069569336366364,0.6485518838577887,High Risk
2018,Pennsylvania,44,39000.0,0.1227357746325968,7.626603264922634,0.393493287600308,Medium Risk
2018,Colorado,66,38160.0,0.17862414697314713,11.867097103001274,0.4452525081769326,Medium Risk
2019,South Dakota,34,26000.0,0.1532001540034009,9.12429341445576,0.6149433538148185,High Risk
2019,Louisiana,41,41000.0,0.1253982765595869,7.4070489264179065,0.45833164789854064,Medium Risk
2019,California,85,23518.0,0.11999340498200187,7.037489720218427,0.14214363397014299,Low Risk
2018,Texas,43,8000.0,0.15321477254366406,9.039513845041624,0.36331723275375205,Medium Risk
2018,Texas,21,0.0,0.15321477254366406,9.039513845041624,0.5968489151035249,Medium Risk
2019,California,80,15095.0,0.11999340498200187,7.037489720218427,0.1561851494442198,Low Risk
2018,New Mexico,57,8796.0,0.13254808337185278,7.345469172371928,0.23795072577946869,Low Risk
2019,Indiana,20,34105.0,0.138391469633862,8.08064067536899,0.5696043624615804,Medium Risk
2019,North Carolina,31,4400.0,0.14823938820887886,9.566862475900844,0.664912704445155,High Risk
2019,California,56,17000.0,0.11999340498200187,7.037489720218427,0.337040235487108,Medium Risk
2019,Missouri,61,85183.0,0.14320846658408154,9.358547596495988,0.40635746366149367,Medium Risk
2019,Alabama,76,47100.0,0.1344076276588001,8.770671518336524,0.37088806447446626,Medium Risk
2019,New Jersey,72,67.0,0.10269627893306302,6.051750300482708,0.22802384541856535,Low Risk
2019,South Carolina,52,0.0,0.13312258835001364,8.916403390103422,0.4209083942856379,Medium Risk
2018,Georgia,28,21000.0,0.14414912613868625,8.959831020330972,0.6512194958067926,High Risk
2018,North Dakota,51,74003.0,0.16889540892875005,11.267111504072677,0.5171025726163819,Medium Risk
2019,West Virginia,78,10619.0,0.11823795452494812,7.5140860810735095,0.22662249635767664,Low Risk
2018,Delaware,69,78000.0,0.10977293824379153,6.786915886889976,0.24769621907730935,Low Risk
2019,District of Columbia,78,14928.0,0.19175234676499092,12.29595067158288,0.30593719455449225,Medium Risk
2018,Florida,67,45777.0,0.15309784435759996,9.164235773222595,0.3047984318164375,Medium Risk
2019,New Hampshire,72,117799.0,0.13047242723983543,8.352889654674698,0.32311958834495436,Medium Risk
2019,Louisiana,20,2500.0,0.1253982765595869,7.4070489264179065,0.5644992223409685,Medium Risk
2019,New Jersey,45,44408.0,0.10269627893306302,6.051750300482708,0.27707134374733444,Low Risk
2018,New York,61,80800.0,0.10360406967432093,6.064826107469105,0.28399254266711677,Low Risk
2019,Wisconsin,66,70811.0,0.13181902691806466,7.5927728395280045,0.20498108379752167,Low Risk
2018,Pennsylvania,56,18149.0,0.1227357746325968,7.626603264922634,0.3390002844635041,Medium Risk
2018,West Virginia,48,0.0,0.1128857761393577,6.967353577899955,0.3169681170922894,Medium Risk
2019,Louisiana,40,21000.0,0.1253982765595869,7.4070489264179065,0.3858877618002304,Medium Risk
2019,New Hampshire,58,48057.0,0.13047242723983543,8.352889654674698,0.41414912657756775,Medium Risk
2018,Virginia,25,55203.0,0.15212740701348712,10.6998046941087,0.8033406103950756,High Risk
2019,Massachusetts,58,85107.0,0.12485197221485887,7.711566660687857,0.4005004194106454,Medium Risk
2018,North Dakota,68,7259.0,0.16889540892875005,11.267111504072677,0.42700038481640196,Medium Risk
2018,Texas,38,48000.0,0.15321477254366406,9.039513845041624,0.43213048084933925,Medium Risk
2019,Louisiana,33,82251.0,0.1253982765595869,7.4070489264179065,0.5691174918902794,Medium Risk
2019,South Carolina,47,0.0,0.13312258835001364,8.916403390103422,0.4557162728884008,Medium Risk
2019,Massachusetts,18,6002.0,0.12485197221485887,7.711566660687857,0.6158008913724389,High Risk
2018,Tennessee,27,40000.0,0.14742767598554654,8.726114937251483,0.594463977513759,Medium Risk
2018,California,23,60003.0,0.12481237004149494,7.210835108572942,0.5085215306850643,Medium Risk
2019,Oregon,70,38159.0,0.15589035312970106,9.82154468351208,0.3000266088937504,Medium Risk
2018,New Jersey,49,235000.0,0.10718194279273904,6.268532531830965,0.2664904227344164,Low Risk
2019,New Mexico,43,63660.0,0.12403864145352976,7.693024249283769,0.40935000515546943,Medium Risk
2019,Indiana,25,45000.0,0.138391469633862,8.08064067536899,0.5561918689465987,Medium Risk
2019,West Virginia,64,10859.0,0.11823795452494812,7.5140860810735095,0.3313278018850995,Medium Risk
2018,Nebraska,85,18828.0,0.15939770484767107,10.450043972542284,0.3063593944766659,Medium Risk
2018,Oregon,68,11497.0,0.17195881482080816,10.383655026754692,0.2877896683188762,Low Risk
2018,Hawaii,58,3.0,0.13724047182601398,7.7388413842861565,0.24409275457451415,Low Risk
2018,North Carolina,42,25000.0,0.15096919180810042,9.756879190128968,0.5079523213066024,Medium Risk
2018,Michigan,47,58003.0,0.1343616265276512,8.06506408500325,0.34512516228090523,Medium Risk
2018,Nevada,76,8820.0,0.16924216007864806,10.323360118991625,0.2789182255242804,Low Risk
2018,Michigan,54,200029.0,0.1343616265276512,8.06506408500325,0.313181045605561,Medium Risk
2019,Washington,37,50000.0,0.16923542710690564,10.299566001769573,0.5262688743657418,Medium Risk
2019,Louisiana,35,20001.0,0.1253982765595869,7.4070489264179065,0.3969771348361764,Medium Risk
2018,Georgia,40,126178.0,0.14414912613868625,8.959831020330972,0.5115564666413146,Medium Risk
2019,New Mexico,76,7259.0,0.12403864145352976,7.693024249283769,0.24485943719256975,Low Risk
2019,Montana,30,24000.0,0.1654105888964365,10.515618312922854,0.6938477808264202,High Risk
2018,Indiana,18,2.0,0.15099408009861864,9.583196827897439,0.6950330396014381,High Risk
2018,Washington,39,0.0,0.181380165585309,10.885375544734512,0.47052445348144045,Medium Risk
2019,Louisiana,80,16400.0,0.1253982765595869,7.4070489264179065,0.19877534781523906,Low Risk
2018,District of Columbia,27,60000.0,0.18102819552665184,11.001913132037291,0.6795622683752852,High Risk
2019,South Carolina,70,0.0,0.13312258835001364,8.916403390103422,0.3420712134656363,Medium Risk
2018,Virginia,34,158800.0,0.15212740701348712,10.6998046941087,0.8024813572442264,High Risk
2018,Mississippi,52,30448.0,0.1263212953066887,7.589306479158202,0.30662508924851567,Medium Risk
2018,Washington,55,41058.0,0.181380165585309,10.885375544734512,0.39009198089807073,Medium Risk
2018,Alabama,69,29124.0,0.1364410501043176,8.554541327868636,0.3576658037485312,Medium Risk
2019,Texas,25,100000.0,0.14994069335324955,9.06745633206213,0.622266713935818,High Risk
2019,Idaho,36,48550.0,0.16186795304951973,10.05996599072574,0.5577377106827913,Medium Risk
2019,Pennsylvania,62,35606.0,0.12454297450443934,8.069569336366364,0.44880459454038546,Medium Risk
2019,Nevada,49,42700.0,0.17647793972450324,10.356979288538232,0.3288841621020136,Medium Risk
2018,California,80,20900.0,0.12481237004149494,7.210835108572942,0.16538292318050707,Low Risk
2018,Virginia,50,51000.0,0.15212740701348712,10.6998046941087,0.5584982996262267,Medium Risk
2019,Texas,34,20000.0,0.14994069335324955,9.06745633206213,0.6035906228873635,High Risk
2018,California,24,0.0,0.12481237004149494,7.210835108572942,0.5716421143910889,Medium Risk
2018,West Virginia,34,30002.0,0.1128857761393577,6.967353577899955,0.5334570528998737,Medium Risk
2019,West Virginia,39,36400.0,0.11823795452494812,7.5140860810735095,0.4544938360800939,Medium Risk
2018,Pennsylvania,20,0.0,0.1227357746325968,7.626603264922634,0.6036455881365351,High Risk
2019,California,71,11087.0,0.11999340498200187,7.037489720218427,0.21430206787469935,Low Risk
2018,New Jersey,62,125337.0,0.10718194279273904,6.268532531830965,0.22080043089273232,Low Risk
2019,New York,45,25005.0,0.10537645809036159,6.481856373616716,0.3213355448451939,Medium Risk
2018,Arkansas,29,35000.0,0.1467314255798379,9.541829972800207,0.7297260458112852,High Risk
2018,New York,45,28020.0,0.10360406967432093,6.064826107469105,0.27415315268991686,Low Risk
2019,Louisiana,53,20229.0,0.1253982765595869,7.4070489264179065,0.2751075544128378,Low Risk
2018,California,44,0.0,0.12481237004149494,7.210835108572942,0.3072280705398232,Medium Risk
2019,Texas,18,0.0,0.14994069335324955,9.06745633206213,0.6283816977739339,High Risk
2019,California,21,45354.0,0.11999340498200187,7.037489720218427,0.5458169775282107,Medium Risk
2018,Pennsylvania,58,9360.0,0.1227357746325968,7.626603264922634,0.30937602092869054,Medium Risk
2018,Georgia,59,7644.0,0.14414912613868625,8.959831020330972,0.3647540508123254,Medium Risk
2019,California,69,38194.0,0.11999340498200187,7.037489720218427,0.2152597452120354,Low Risk
2019,Texas,85,32200.0,0.14994069335324955,9.06745633206213,0.21562232276165386,Low Risk
2019,Kentucky,38,58726.0,0.14227599065658988,9.055889928309721,0.5406200093332424,Medium Risk
2019,North Carolina,33,50120.0,0.14823938820887886,9.566862475900844,0.6632890896387627,High Risk
2019,Michigan,78,4906.0,0.1289923303455059,8.077767777779496,0.24216173352149223,Low Risk
2018,Kansas,35,0.0,0.16747813658580032,10.305371003744845,0.5053053234197354,Medium Risk
2018,Alabama,72,6540.0,0.1364410501043176,8.554541327868636,0.2733800859644382,Low Risk
2018,Virginia,77,51272.0,0.15212740701348712,10.6998046941087,0.4025790209947785,Medium Risk
2018,Utah,54,18067.0,0.1704658882331846,10.677140565505383,0.42242139644642873,Medium Risk
2018,Texas,41,80003.0,0.15321477254366406,9.039513845041624,0.4076410959319393,Medium Risk
2019,Utah,40,150071.0,0.1582643444139373,9.434129768225382,0.449076033546055,Medium Risk
2019,District of Columbia,23,66100.0,0.19175234676499092,12.29595067158288,0.766306191951204,High Risk
2019,New York,36,0.0,0.10537645809036159,6.481856373616716,0.3971525892907167,Medium Risk
2019,New Mexico,59,21000.0,0.12403864145352976,7.693024249283769,0.3581910592006197,Medium Risk
2018,Arkansas,70,17729.0,0.1467314255798379,9.541829972800207,0.3039538733638198,Medium Risk
2018,Michigan,45,0.0,0.1343616265276512,8.06506408500325,0.4042606588909263,Medium Risk
2019,West Virginia,56,14700.0,0.11823795452494812,7.5140860810735095,0.3287933746121704,Medium Risk
2018,Michigan,34,32000.0,0.1343616265276512,8.06506408500325,0.5686301676981208,Medium Risk
2019,Montana,64,80051.0,0.1654105888964365,10.515618312922854,0.3754363396615449,Medium Risk
2019,Kentucky,75,14920.0,0.14227599065658988,9.055889928309721,0.36307251907976074,Medium Risk
2019,Wyoming,63,16248.0,0.17412949218340887,11.757422476469022,0.5306344393100665,Medium Risk
2019,Michigan,57,9600.0,0.1289923303455059,8.077767777779496,0.42275974115109693,Medium Risk
2019,Nebraska,73,27921.0,0.15097730635349876,9.440580908020666,0.3028034806848318,Medium Risk
2018,Mississippi,19,3156.0,0.1263212953066887,7.589306479158202,0.5739337792669242,Medium Risk
2018,New Mexico,64,4800.0,0.13254808337185278,7.345469172371928,0.23000404301209604,Low Risk
2019,Hawaii,61,32010.0,0.12946917245541475,7.2508908751030345,0.244199964423978,Low Risk
2019,Florida,67,24000.0,0.14980312805118373,8.586223456073048,0.21334794500138568,Low Risk
2019,Illinois,33,20010.0,0.1214434063500301,7.567186928797186,0.586196179799091,Medium Risk
2019,Wisconsin,34,0.0,0.13181902691806466,7.5927728395280045,0.5173200504184617,Medium Risk
2018,South Carolina,20,22000.0,0.14316685868498802,8.611013974549307,0.607183731747278,High Risk
2019,Washington,72,12162.0,0.16923542710690564,10.299566001769573,0.2856941915425643,Low Risk
2019,Idaho,44,145001.0,0.16186795304951973,10.05996599072574,0.48743987669579764,Medium Risk
2019,Rhode Island,55,28919.0,0.11440678772741723,6.589904603762166,0.313656934047674,Medium Risk
2018,Idaho,34,56488.0,0.17064590063386437,10.565848666670341,0.6243205252409687,High Risk
2018,California,80,14343.0,0.12481237004149494,7.210835108572942,0.1848464828626043,Low Risk
2019,Wyoming,56,7001.0,0.17412949218340887,11.757422476469022,0.5769731660616799,Medium Risk
2019,New York,56,26724.0,0.10537645809036159,6.481856373616716,0.3150502736627345,Medium Risk
2019,California,28,9612.0,0.11999340498200187,7.037489720218427,0.5267047329213683,Medium Risk
2018,New York,54,56363.0,0.10360406967432093,6.064826107469105,0.2491063683624089,Low Risk
2018,Kentucky,37,55000.0,0.15188435762769684,9.740428478299664,0.6078353707833773,High Risk
2018,Florida,85,7202.0,0.15309784435759996,9.164235773222595,0.17959455854039605,Low Risk
2018,Alabama,71,80113.0,0.1364410501043176,8.554541327868636,0.3340078593676608,Medium Risk
2018,Tennessee,42,73001.0,0.14742767598554654,8.726114937251483,0.3944190760067077,Medium Risk
2019,Iowa,51,70011.0,0.13931540005478338,8.910773356193227,0.3909505214347974,Medium Risk
2018,Nebraska,32,31700.0,0.15939770484767107,10.450043972542284,0.7496837486814207,High Risk
2018,Indiana,49,57002.0,0.15099408009861864,9.583196827897439,0.4184519304473599,Medium Risk
2019,Ohio,38,50000.0,0.1440203073077734,9.354759566846589,0.5513104568899033,Medium Risk
2019,New York,69,84033.0,0.10537645809036159,6.481856373616716,0.28447314221111675,Low Risk
2018,Texas,75,0.0,0.15321477254366406,9.039513845041624,0.20393749126401983,Low Risk
2019,Ohio,34,68251.0,0.1440203073077734,9.354759566846589,0.7048179954862877,High Risk
2019,Kentucky,25,13000.0,0.14227599065658988,9.055889928309721,0.6646997603349707,High Risk
2018,Illinois,48,48828.0,0.12459168185011736,7.591871656573847,0.34231666832460095,Medium Risk
2019,Washington,41,66450.0,0.16923542710690564,10.299566001769573,0.5336897649948031,Medium Risk
2019,South Dakota,37,29600.0,0.1532001540034009,9.12429341445576,0.4925383713255482,Medium Risk
2019,Illinois,18,2000.0,0.1214434063500301,7.567186928797186,0.6145474153184755,High Risk
2018,New York,25,0.0,0.10360406967432093,6.064826107469105,0.5415270944002801,Medium Risk
2018,Washington,36,24205.0,0.181380165585309,10.885375544734512,0.5004934882111018,Medium Risk
2018,Michigan,31,0.0,0.1343616265276512,8.06506408500325,0.5622427802984992,Medium Risk
2019,Ohio,65,17916.0,0.1440203073077734,9.354759566846589,0.3688149112812866,Medium Risk
2018,Louisiana,47,65000.0,0.12366412843919106,7.76410114109847,0.34007072966408036,Medium Risk
2018,Louisiana,69,81214.0,0.12366412843919106,7.76410114109847,0.2955406532647377,Low Risk
2018,Tennessee,42,30000.0,0.14742767598554654,8.726114937251483,0.45038949967879416,Medium Risk
2018,Louisiana,80,12833.0,0.12366412843919106,7.76410114109847,0.22582365851488798,Low Risk
2018,New Mexico,38,81.0,0.13254808337185278,7.345469172371928,0.31933122637264894,Medium Risk
2019,California,75,17052.0,0.11999340498200187,7.037489720218427,0.2601856347952859,Low Risk
2019,California,33,32005.0,0.11999340498200187,7.037489720218427,0.5049808471542561,Medium Risk
2018,Texas,70,7200.0,0.15321477254366406,9.039513845041624,0.21909529721993168,Low Risk
2019,California,49,36000.0,0.11999340498200187,7.037489720218427,0.2878674436854075,Low Risk
2019,Wisconsin,21,10402.0,0.13181902691806466,7.5927728395280045,0.5592357777388896,Medium Risk
2018,Maryland,63,147010.0,0.14069830870123312,8.424592122526205,0.2570379169288612,Low Risk
2019,Delaware,75,23850.0,0.12586221013933213,7.57605086757687,0.19770882776138982,Low Risk
2018,Montana,25,9550.0,0.15231940457729304,9.327408703734669,0.6275825172319751,High Risk
2019,Texas,71,3384.0,0.14994069335324955,9.06745633206213,0.28113232731783167,Low Risk
2018,Arkansas,47,52000.0,0.1467314255798379,9.541829972800207,0.4309293557838709,Medium Risk
2019,New Jersey,64,9684.0,0.10269627893306302,6.051750300482708,0.23378661803696008,Low Risk
2018,California,22,6500.0,0.12481237004149494,7.210835108572942,0.5440402905425554,Medium Risk
2019,Mississippi,36,28000.0,0.12230916009140762,7.464005722412704,0.42717499981541013,Medium Risk
2018,Ohio,25,36006.0,0.14387057975729117,8.822921959110566,0.628130688929519,High Risk
2018,Colorado,42,105088.0,0.17862414697314713,11.867097103001274,0.641470629519766,High Risk
2019,Virginia,63,12568.0,0.1467037488942512,10.338434197959312,0.5314944969673612,Medium Risk
2018,Missouri,64,48059.0,0.14728893862641496,8.821323388197204,0.2949644137054767,Low Risk
2018,Virginia,36,0.0,0.15212740701348712,10.6998046941087,0.6796009561409974,High Risk
2019,California,40,135510.0,0.11999340498200187,7.037489720218427,0.34753390982766624,Medium Risk
2018,California,54,55000.0,0.12481237004149494,7.210835108572942,0.2974342322092377,Low Risk
2018,Pennsylvania,73,50542.0,0.1227357746325968,7.626603264922634,0.30203275212480074,Medium Risk
2018,New Hampshire,66,16869.0,0.12964342814649563,8.226357453836409,0.34678195587867766,Medium Risk
2019,California,58,45000.0,0.11999340498200187,7.037489720218427,0.2725047706879705,Low Risk
2018,Arizona,53,11016.0,0.1695929147772462,9.959072461007478,0.2910637493327553,Low Risk
2018,Massachusetts,40,102461.0,0.12646370605955434,7.48642686947636,0.4275708946211836,Medium Risk
2018,New Hampshire,60,21000.0,0.12964342814649563,8.226357453836409,0.3687407030166844,Medium Risk
2019,Wyoming,29,52646.0,0.17412949218340887,11.757422476469022,0.810487049447416,High Risk
2018,California,72,2400.0,0.12481237004149494,7.210835108572942,0.19792526759957402,Low Risk
2019,California,52,138500.0,0.11999340498200187,7.037489720218427,0.3268721583021527,Medium Risk
2019,Maryland,26,0.0,0.12630255324685488,7.984775843618832,0.6064848683349865,High Risk
2018,Alabama,24,11000.0,0.1364410501043176,8.554541327868636,0.6754910139169462,High Risk
2018,Montana,55,36050.0,0.15231940457729304,9.327408703734669,0.3844723599102526,Medium Risk
2018,California,25,33000.0,0.12481237004149494,7.210835108572942,0.5843888921513429,Medium Risk
2019,New York,46,143020.0,0.10537645809036159,6.481856373616716,0.3643520404888953,Medium Risk
2019,Illinois,63,80005.0,0.1214434063500301,7.567186928797186,0.31490542974356683,Medium Risk
2019,Washington,44,278971.0,0.16923542710690564,10.299566001769573,0.41947681168128154,Medium Risk
2018,New York,18,8400.0,0.10360406967432093,6.064826107469105,0.5330988686796797,Medium Risk
2019,Wisconsin,66,156660.0,0.13181902691806466,7.5927728395280045,0.25584512105795865,Low Risk
2018,California,22,0.0,0.12481237004149494,7.210835108572942,0.49557338839287307,Medium Risk
2018,Arkansas,52,40002.0,0.1467314255798379,9.541829972800207,0.4189710937612078,Medium Risk
2019,Florida,43,63960.0,0.14980312805118373,8.586223456073048,0.3388023671144796,Medium Risk
2019,Kansas,40,0.0,0.15718637633103874,10.03460254921272,0.5451983366550417,Medium Risk
2018,Ohio,32,60401.0,0.14387057975729117,8.822921959110566,0.6500158762088929,High Risk
2019,New York,69,25300.0,0.10537645809036159,6.481856373616716,0.21748184663126927,Low Risk
2019,Louisiana,39,15125.0,0.1253982765595869,7.4070489264179065,0.44372139808875755,Medium Risk
2018,Illinois,39,390010.0,0.12459168185011736,7.591871656573847,0.3599838344225792,Medium Risk
2019,Utah,52,79330.0,0.1582643444139373,9.434129768225382,0.40644408383052727,Medium Risk
2019,Illinois,31,30000.0,0.1214434063500301,7.567186928797186,0.5795373439376926,Medium Risk
2019,California,35,80000.0,0.11999340498200187,7.037489720218427,0.3658193007482846,Medium Risk
2019,Minnesota,39,35000.0,0.13246670319726433,8.34641208294014,0.4536475298788388,Medium Risk
2019,New York,58,10920.0,0.10537645809036159,6.481856373616716,0.29914801060888724,Low Risk
2018,Montana,70,37087.0,0.15231940457729304,9.327408703734669,0.31269003185538,Medium Risk
2018,Tennessee,26,80210.0,0.14742767598554654,8.726114937251483,0.5869869861530238,Medium Risk
2019,Wyoming,36,61121.0,0.17412949218340887,11.757422476469022,0.6587827838687735,High Risk
2019,Arkansas,28,9659.0,0.14372774797645008,8.124553710123143,0.514087266464887,Medium Risk
2019,New Mexico,41,0.0,0.12403864145352976,7.693024249283769,0.4079245719577083,Medium Risk
2019,Illinois,65,175448.0,0.1214434063500301,7.567186928797186,0.305111015979293,Medium Risk
2018,North Dakota,62,65000.0,0.16889540892875005,11.267111504072677,0.4769280556404697,Medium Risk
2018,Georgia,70,36786.0,0.14414912613868625,8.959831020330972,0.3225279318773779,Medium Risk
2018,Montana,62,100105.0,0.15231940457729304,9.327408703734669,0.3652856509097999,Medium Risk
2018,Florida,53,73494.0,0.15309784435759996,9.164235773222595,0.3312455364256602,Medium Risk
2019,Oklahoma,56,2500.0,0.15983382720055855,9.097089817611476,0.2922591676540871,Low Risk
2019,California,49,48600.0,0.11999340498200187,7.037489720218427,0.2798948865125201,Low Risk
2018,Wisconsin,29,50201.0,0.13757481711372202,8.358395602911749,0.6033015232173329,High Risk
2018,Louisiana,35,0.0,0.12366412843919106,7.76410114109847,0.4536101508388516,Medium Risk
2018,Alabama,23,6000.0,0.1364410501043176,8.554541327868636,0.6209564192202838,High Risk
2018,California,45,24794.0,0.12481237004149494,7.210835108572942,0.31420780053275604,Medium Risk
2018,Virginia,18,11472.0,0.15212740701348712,10.6998046941087,0.8009951874292544,High Risk
2019,Ohio,66,23789.0,0.1440203073077734,9.354759566846589,0.43563785525884996,Medium Risk
2019,Colorado,21,23030.0,0.17641131755008807,10.845958864203315,0.688966729414756,High Risk
2018,California,50,50034.0,0.12481237004149494,7.210835108572942,0.2411143400208308,Low Risk
2019,New York,47,8808.0,0.10537645809036159,6.481856373616716,0.30937534092467794,Medium Risk
2018,Connecticut,63,53004.0,0.12319558826896027,7.592900432556293,0.28312141970798493,Low Risk
2019,New York,56,20080.0,0.10537645809036159,6.481856373616716,0.3053812160413231,Medium Risk
2018,Alabama,26,29000.0,0.1364410501043176,8.554541327868636,0.655900225583272,High Risk
2019,Nebraska,31,15507.0,0.15097730635349876,9.440580908020666,0.6307825015466481,High Risk
2019,New York,56,94400.0,0.10537645809036159,6.481856373616716,0.3643639683313918,Medium Risk
2018,Georgia,46,16100.0,0.14414912613868625,8.959831020330972,0.38098998854275357,Medium Risk
2019,California,80,392008.0,0.11999340498200187,7.037489720218427,0.16520438608055513,Low Risk
2018,New Jersey,19,0.0,0.10718194279273904,6.268532531830965,0.5458674329465543,Medium Risk
2019,Georgia,69,23129.0,0.13953617056616655,9.022109407280606,0.4001057828977998,Medium Risk
2019,South Dakota,19,13527.0,0.1532001540034009,9.12429341445576,0.6082652383036471,High Risk
2019,District of Columbia,44,102750.0,0.19175234676499092,12.29595067158288,0.5235789947786631,Medium Risk
2018,Ohio,26,20850.0,0.14387057975729117,8.822921959110566,0.6488634933308982,High Risk
2019,Montana,56,48003.0,0.1654105888964365,10.515618312922854,0.42460533949503937,Medium Risk
2018,Alaska,37,97042.0,0.16290272895797922,9.93700412536278,0.5129091795678182,Medium Risk
2019,Washington,54,110075.0,0.16923542710690564,10.299566001769573,0.3398466935951405,Medium Risk
2019,Ohio,68,33267.0,0.1440203073077734,9.354759566846589,0.4316790264467019,Medium Risk
2019,Nevada,29,52025.0,0.17647793972450324,10.356979288538232,0.6047797568347191,High Risk
2018,Nevada,19,0.0,0.16924216007864806,10.323360118991625,0.6541014202945704,High Risk
2019,California,40,86023.0,0.11999340498200187,7.037489720218427,0.3165287474590776,Medium Risk
2018,Arizona,76,142747.0,0.1695929147772462,9.959072461007478,0.23943138519705615,Low Risk
2019,New Hampshire,37,57041.0,0.13047242723983543,8.352889654674698,0.4756817078750074,Medium Risk
2018,California,31,49000.0,0.12481237004149494,7.210835108572942,0.5577397254525146,Medium Risk
2018,New York,49,10008.0,0.10360406967432093,6.064826107469105,0.26206208091562927,Low Risk
2018,North Dakota,71,50840.0,0.16889540892875005,11.267111504072677,0.42099826851712874,Medium Risk
2019,California,55,42000.0,0.11999340498200187,7.037489720218427,0.2853394231365984,Low Risk
2018,Nevada,68,80040.0,0.16924216007864806,10.323360118991625,0.30067490102839917,Medium Risk
2018,New Mexico,61,29017.0,0.13254808337185278,7.345469172371928,0.21932704722172353,Low Risk
2019,New Jersey,40,504.0,0.10269627893306302,6.051750300482708,0.4220662154470455,Medium Risk
2019,California,36,55355.0,0.11999340498200187,7.037489720218427,0.4233520555990053,Medium Risk
2018,California,54,7279.0,0.12481237004149494,7.210835108572942,0.2356165737999211,Low Risk
2019,North Carolina,46,150.0,0.14823938820887886,9.566862475900844,0.44195533455784575,Medium Risk
2019,Mississippi,71,25200.0,0.12230916009140762,7.464005722412704,0.23951136703887446,Low Risk
2019,Illinois,35,92100.0,0.1214434063500301,7.567186928797186,0.4460915025796147,Medium Risk
2018,Missouri,48,35000.0,0.14728893862641496,8.821323388197204,0.30647128288103376,Medium Risk
2019,Michigan,55,400.0,0.1289923303455059,8.077767777779496,0.42795919730843635,Medium Risk
2019,Rhode Island,55,96651.0,0.11440678772741723,6.589904603762166,0.2430782226642531,Low Risk
2019,Iowa,70,39320.0,0.13931540005478338,8.910773356193227,0.30983542942562997,Medium Risk
2019,California,80,0.0,0.11999340498200187,7.037489720218427,0.1748769751500113,Low Risk
2019,California,57,38058.0,0.11999340498200187,7.037489720218427,0.33463573822282244,Medium Risk
2018,Montana,60,60790.0,0.15231940457729304,9.327408703734669,0.38635040341593047,Medium Risk
2019,California,47,62076.0,0.11999340498200187,7.037489720218427,0.2958186918406234,Low Risk
2018,Tennessee,62,63800.0,0.14742767598554654,8.726114937251483,0.2769300585894613,Low Risk
2018,Massachusetts,74,14551.0,0.12646370605955434,7.48642686947636,0.24405059140888788,Low Risk
2018,Texas,66,6504.0,0.15321477254366406,9.039513845041624,0.27141114504654396,Low Risk
2018,Vermont,41,132014.0,0.1278855232828412,8.067773431901623,0.49154040028968077,Medium Risk
2019,New Hampshire,80,18703.0,0.13047242723983543,8.352889654674698,0.28809253099138754,Low Risk
2019,Delaware,48,26000.0,0.12586221013933213,7.57605086757687,0.35869481743729287,Medium Risk
2018,West Virginia,32,19300.0,0.1128857761393577,6.967353577899955,0.5693978351553461,Medium Risk
2018,Louisiana,55,62007.0,0.12366412843919106,7.76410114109847,0.3578857066005904,Medium Risk
2019,Washington,56,45000.0,0.16923542710690564,10.299566001769573,0.4694366867292123,Medium Risk
2018,Colorado,33,78000.0,0.17862414697314713,11.867097103001274,0.7860610153584544,High Risk
2018,Hawaii,85,76295.0,0.13724047182601398,7.7388413842861565,0.1602726797693913,Low Risk
2019,Nevada,44,34000.0,0.17647793972450324,10.356979288538232,0.45465916024673836,Medium Risk
2018,Iowa,70,74530.0,0.14633287019612695,8.866751656886375,0.26249518987951387,Low Risk
2018,New Jersey,18,2500.0,0.10718194279273904,6.268532531830965,0.5196615096210068,Medium Risk
2018,Florida,28,80028.0,0.15309784435759996,9.164235773222595,0.664426972061869,High Risk
2019,Florida,32,81582.0,0.14980312805118373,8.586223456073048,0.5568504961961885,Medium Risk
2018,Michigan,71,12855.0,0.1343616265276512,8.06506408500325,0.24680333290404524,Low Risk
2018,New York,48,52000.0,0.10360406967432093,6.064826107469105,0.2805147809258861,Low Risk
2018,Arizona,72,15614.0,0.1695929147772462,9.959072461007478,0.2154308732765433,Low Risk
2019,New Jersey,41,55000.0,0.10269627893306302,6.051750300482708,0.3246550385438903,Medium Risk
2018,Florida,26,0.0,0.15309784435759996,9.164235773222595,0.6268219067771238,High Risk
2019,California,65,78905.0,0.11999340498200187,7.037489720218427,0.2842905389768324,Low Risk
2019,Illinois,59,20000.0,0.1214434063500301,7.567186928797186,0.32130134510028174,Medium Risk
2019,New Hampshire,72,81199.0,0.13047242723983543,8.352889654674698,0.31262671446403323,Medium Risk
2019,Montana,85,20400.0,0.1654105888964365,10.515618312922854,0.2743816423305328,Low Risk
2018,Texas,33,83200.0,0.15321477254366406,9.039513845041624,0.627511906068698,High Risk
2018,Oregon,85,14399.0,0.17195881482080816,10.383655026754692,0.22270894069047287,Low Risk
2019,California,44,10.0,0.11999340498200187,7.037489720218427,0.3396530332531457,Medium Risk
2018,District of Columbia,61,171519.0,0.18102819552665184,11.001913132037291,0.4117021473792578,Medium Risk
2019,Oregon,24,16000.0,0.15589035312970106,9.82154468351208,0.6518640906672359,High Risk
2018,California,28,47000.0,0.12481237004149494,7.210835108572942,0.5161429000963142,Medium Risk
2019,Oklahoma,31,27240.0,0.15983382720055855,9.097089817611476,0.5263607758352093,Medium Risk
2019,California,52,90025.0,0.11999340498200187,7.037489720218427,0.3312871381276082,Medium Risk
2018,North Carolina,55,37100.0,0.15096919180810042,9.756879190128968,0.493982897518967,Medium Risk
2018,Nebraska,74,50020.0,0.15939770484767107,10.450043972542284,0.33793182258820126,Medium Risk
2018,Colorado,47,7700.0,0.17862414697314713,11.867097103001274,0.6107868008779923,High Risk
2018,Indiana,65,54133.0,0.15099408009861864,9.583196827897439,0.39047709622020227,Medium Risk
2019,Texas,59,0.0,0.14994069335324955,9.06745633206213,0.339351760638882,Medium Risk
2019,New York,39,176045.0,0.10537645809036159,6.481856373616716,0.4169423966852293,Medium Risk
2018,District of Columbia,22,25192.0,0.18102819552665184,11.001913132037291,0.6322650514459062,High Risk
2018,Idaho,26,0.0,0.17064590063386437,10.565848666670341,0.7250195904538795,High Risk
2019,Vermont,80,7077.0,0.1308504436815856,8.194364623723498,0.22246125952130152,Low Risk
2019,Texas,24,5.0,0.14994069335324955,9.06745633206213,0.6085283431796084,High Risk
2018,California,25,19052.0,0.12481237004149494,7.210835108572942,0.5456915602487455,Medium Risk
2019,Idaho,31,0.0,0.16186795304951973,10.05996599072574,0.6573981507031694,High Risk
2018,New Jersey,46,462515.0,0.10718194279273904,6.268532531830965,0.24786784218472063,Low Risk
2019,Massachusetts,24,35000.0,0.12485197221485887,7.711566660687857,0.5767582766754757,Medium Risk
2019,California,18,1050.0,0.11999340498200187,7.037489720218427,0.5612709330328001,Medium Risk
2018,South Dakota,63,25034.0,0.14955277978952589,9.39929456966846,0.42583250260660094,Medium Risk
2018,Idaho,80,9659.0,0.17064590063386437,10.565848666670341,0.2632639616952192,Low Risk
2019,California,50,26000.0,0.11999340498200187,7.037489720218427,0.28163558488890217,Low Risk
2019,Colorado,31,11.0,0.17641131755008807,10.845958864203315,0.7063562034204633,High Risk
2018,Hawaii,54,36103.0,0.13724047182601398,7.7388413842861565,0.2441296663509759,Low Risk
2018,New York,67,6500.0,0.10360406967432093,6.064826107469105,0.1957961020649533,Low Risk
2018,Wyoming,27,11185.0,0.15994268367237904,10.097249258417571,0.6764156616041366,High Risk
2018,Massachusetts,24,36002.0,0.12646370605955434,7.48642686947636,0.5921876028805274,Medium Risk
2019,New York,85,13200.0,0.10537645809036159,6.481856373616716,0.15412466240399628,Low Risk
2019,Texas,50,250700.0,0.14994069335324955,9.06745633206213,0.30668403239228154,Medium Risk
2019,Ohio,35,50100.0,0.1440203073077734,9.354759566846589,0.5467159290393113,Medium Risk
2018,Wisconsin,31,5202.0,0.13757481711372202,8.358395602911749,0.6400385325247145,High Risk
2018,West Virginia,29,40000.0,0.1128857761393577,6.967353577899955,0.5773862818384183,Medium Risk
2019,New Jersey,55,0.0,0.10269627893306302,6.051750300482708,0.26998151904035034,Low Risk
2018,Wyoming,44,57560.0,0.15994268367237904,10.097249258417571,0.458412573832428,Medium Risk
2019,West Virginia,24,50800.0,0.11823795452494812,7.5140860810735095,0.5899911602817243,Medium Risk
2018,Utah,55,36000.0,0.1704658882331846,10.677140565505383,0.5221958882563553,Medium Risk
2019,Massachusetts,60,46102.0,0.12485197221485887,7.711566660687857,0.37176630384946163,Medium Risk
2019,California,27,50006.0,0.11999340498200187,7.037489720218427,0.6097574278189604,High Risk
2019,Hawaii,31,3600.0,0.12946917245541475,7.2508908751030345,0.4981985723699396,Medium Risk
2019,Illinois,43,50000.0,0.1214434063500301,7.567186928797186,0.4111750565989742,Medium Risk
2018,Connecticut,22,2400.0,0.12319558826896027,7.592900432556293,0.5909615890950118,Medium Risk
2019,Wisconsin,27,65215.0,0.13181902691806466,7.5927728395280045,0.54057426166819,Medium Risk
2018,Vermont,58,29590.0,0.1278855232828412,8.067773431901623,0.3414895795867791,Medium Risk
2018,Virginia,64,55000.0,0.15212740701348712,10.6998046941087,0.512844799605331,Medium Risk
2019,California,28,0.0,0.11999340498200187,7.037489720218427,0.5311101000923244,Medium Risk
2018,Utah,53,55000.0,0.1704658882331846,10.677140565505383,0.37606729298864694,Medium Risk
2018,Delaware,68,13200.0,0.10977293824379153,6.786915886889976,0.223876988049564,Low Risk
2018,Illinois,70,52008.0,0.12459168185011736,7.591871656573847,0.23074022679975173,Low Risk
2018,Florida,75,18816.0,0.15309784435759996,9.164235773222595,0.24496151216679057,Low Risk
2018,Kansas,44,85002.0,0.16747813658580032,10.305371003744845,0.49983460281851677,Medium Risk
2018,California,42,80969.0,0.12481237004149494,7.210835108572942,0.3018267986353015,Medium Risk
2018,Delaware,85,15722.0,0.10977293824379153,6.786915886889976,0.15466817459424823,Low Risk
2018,District of Columbia,36,95042.0,0.18102819552665184,11.001913132037291,0.5623101914935029,Medium Risk
2019,Maryland,41,15600.0,0.12630255324685488,7.984775843618832,0.4017859037230351,Medium Risk
2019,Minnesota,52,80130.0,0.13246670319726433,8.34641208294014,0.37110750281217775,Medium Risk
2018,California,43,11255.0,0.12481237004149494,7.210835108572942,0.31616386219021386,Medium Risk
2018,Florida,40,0.0,0.15309784435759996,9.164235773222595,0.48610350545531383,Medium Risk
2018,Montana,68,103749.0,0.15231940457729304,9.327408703734669,0.3032224931662267,Medium Risk
2019,Connecticut,26,50000.0,0.12039458820051949,7.891387164036669,0.6348607964949051,High Risk
2018,District of Columbia,31,101020.0,0.18102819552665184,11.001913132037291,0.693773674810717,High Risk
2018,Illinois,21,20001.0,0.12459168185011736,7.591871656573847,0.5848645868090983,Medium Risk
2019,Vermont,63,30773.0,0.1308504436815856,8.194364623723498,0.3556162348789242,Medium Risk
2018,New Mexico,80,10392.0,0.13254808337185278,7.345469172371928,0.13091467037808466,Low Risk
2019,Vermont,34,300007.0,0.1308504436815856,8.194364623723498,0.5596492047158986,Medium Risk
2019,Texas,44,35000.0,0.14994069335324955,9.06745633206213,0.4026372537937165,Medium Risk
2019,Indiana,50,22000.0,0.138391469633862,8.08064067536899,0.2954417434287634,Low Risk
2019,New York,20,0.0,0.10537645809036159,6.481856373616716,0.5849579285930134,Medium Risk
2018,Florida,39,89008.0,0.15309784435759996,9.164235773222595,0.4285803989253225,Medium Risk
2019,California,45,37000.0,0.11999340498200187,7.037489720218427,0.27644449745995997,Low Risk
2019,New Jersey,85,28140.0,0.10269627893306302,6.051750300482708,0.18487331340876417,Low Risk
2019,Louisiana,33,56152.0,0.1253982765595869,7.4070489264179065,0.577205321127777,Medium Risk
2018,Virginia,32,50011.0,0.15212740701348712,10.6998046941087,0.775202954976784,High Risk
2018,Florida,50,70500.0,0.15309784435759996,9.164235773222595,0.3703007650117107,Medium Risk
2018,Tennessee,68,16883.0,0.14742767598554654,8.726114937251483,0.3223966704299186,Medium Risk
2018,District of Columbia,42,88451.0,0.18102819552665184,11.001913132037291,0.49307172399430066,Medium Risk
2018,New York,40,9020.0,0.10360406967432093,6.064826107469105,0.3605567142691008,Medium Risk
2018,Arkansas,62,23240.0,0.1467314255798379,9.541829972800207,0.43155555117519,Medium Risk
2018,Indiana,51,24000.0,0.15099408009861864,9.583196827897439,0.3969969364405166,Medium Risk
2018,Texas,70,11808.0,0.15321477254366406,9.039513845041624,0.2604122448559762,Low Risk
2018,Illinois,40,0.0,0.12459168185011736,7.591871656573847,0.46572547700635475,Medium Risk
2018,California,36,80000.0,0.12481237004149494,7.210835108572942,0.35284068153581216,Medium Risk
2018,Florida,60,29600.0,0.15309784435759996,9.164235773222595,0.3433345936337083,Medium Risk
2019,New York,69,13596.0,0.10537645809036159,6.481856373616716,0.22001548502439164,Low Risk
2019,Illinois,62,40901.0,0.1214434063500301,7.567186928797186,0.3027374229912226,Medium Risk
2018,California,69,16620.0,0.12481237004149494,7.210835108572942,0.20467914595535747,Low Risk
2018,California,51,100000.0,0.12481237004149494,7.210835108572942,0.3340411078598637,Medium Risk
2019,California,61,0.0,0.11999340498200187,7.037489720218427,0.24364793409431343,Low Risk
2018,Alabama,48,12924.0,0.1364410501043176,8.554541327868636,0.3459357522341239,Medium Risk
2018,South Carolina,21,4000.0,0.14316685868498802,8.611013974549307,0.6065367350596513,High Risk
2019,Montana,45,2.0,0.1654105888964365,10.515618312922854,0.45860483678326097,Medium Risk
2019,Massachusetts,42,100202.0,0.12485197221485887,7.711566660687857,0.47054577750657045,Medium Risk
2019,Washington,33,64055.0,0.16923542710690564,10.299566001769573,0.6292245797554984,High Risk
2019,West Virginia,35,20074.0,0.11823795452494812,7.5140860810735095,0.47060372568086845,Medium Risk
2018,District of Columbia,58,10000.0,0.18102819552665184,11.001913132037291,0.4356406791869796,Medium Risk
2018,Kansas,31,118030.0,0.16747813658580032,10.305371003744845,0.6335792385596988,High Risk
2019,Georgia,31,60000.0,0.13953617056616655,9.022109407280606,0.7280058553806276,High Risk
2019,California,85,25816.0,0.11999340498200187,7.037489720218427,0.1942319432606085,Low Risk
2019,Wisconsin,59,28001.0,0.13181902691806466,7.5927728395280045,0.2463391663126903,Low Risk
2018,California,20,10120.0,0.12481237004149494,7.210835108572942,0.5392440490673865,Medium Risk
2018,California,25,0.0,0.12481237004149494,7.210835108572942,0.5594428795968569,Medium Risk
2018,Montana,69,24303.0,0.15231940457729304,9.327408703734669,0.320522485452225,Medium Risk
2019,Washington,36,40000.0,0.16923542710690564,10.299566001769573,0.4848499714930012,Medium Risk
2018,Washington,35,20021.0,0.181380165585309,10.885375544734512,0.4763028359146402,Medium Risk
2018,Florida,68,8459.0,0.15309784435759996,9.164235773222595,0.2567087624553768,Low Risk
2019,California,27,130702.0,0.11999340498200187,7.037489720218427,0.5620083565342828,Medium Risk
2018,Wisconsin,25,35958.0,0.13757481711372202,8.358395602911749,0.596465659379226,Medium Risk
2019,Texas,59,80050.0,0.14994069335324955,9.06745633206213,0.34501334030382097,Medium Risk
2018,Wyoming,58,30510.0,0.15994268367237904,10.097249258417571,0.4030936120627991,Medium Risk
2019,Indiana,20,6000.0,0.138391469633862,8.08064067536899,0.5560601078664589,Medium Risk
2019,Arizona,19,18001.0,0.1613533279078746,9.736558251201473,0.625574966526916,High Risk
2019,Utah,48,30909.0,0.1582643444139373,9.434129768225382,0.40902964596034985,Medium Risk
2019,Connecticut,28,60252.0,0.12039458820051949,7.891387164036669,0.6903776822928277,High Risk
2019,Michigan,60,262802.0,0.1289923303455059,8.077767777779496,0.2783693502717921,Low Risk
2018,Louisiana,58,15.0,0.12366412843919106,7.76410114109847,0.3344356731958775,Medium Risk
2019,California,59,19000.0,0.11999340498200187,7.037489720218427,0.25332950432322404,Low Risk
2019,Arkansas,39,47001.0,0.14372774797645008,8.124553710123143,0.3361878969353702,Medium Risk
2018,West Virginia,79,75491.0,0.1128857761393577,6.967353577899955,0.2318055174296543,Low Risk
2019,Florida,53,25200.0,0.14980312805118373,8.586223456073048,0.3299938607956842,Medium Risk
2019,Oregon,42,105425.0,0.15589035312970106,9.82154468351208,0.5486237562538379,Medium Risk
2019,Maryland,37,92508.0,0.12630255324685488,7.984775843618832,0.5246080332650791,Medium Risk
2019,Louisiana,49,89136.0,0.1253982765595869,7.4070489264179065,0.29952451181874357,Low Risk
2019,Wyoming,75,30068.0,0.17412949218340887,11.757422476469022,0.4280654788880329,Medium Risk
2018,West Virginia,51,53400.0,0.1128857761393577,6.967353577899955,0.30900933819517484,Medium Risk
2018,Missouri,41,39003.0,0.14728893862641496,8.821323388197204,0.42750555681279806,Medium Risk
2018,California,59,35000.0,0.12481237004149494,7.210835108572942,0.28190843524103393,Low Risk
2018,Arizona,59,3060.0,0.1695929147772462,9.959072461007478,0.3045447001401617,Medium Risk
2019,Florida,74,36400.0,0.14980312805118373,8.586223456073048,0.20262445910743765,Low Risk
2019,Texas,30,26400.0,0.14994069335324955,9.06745633206213,0.620665128278272,High Risk
2018,New Hampshire,71,39618.0,0.12964342814649563,8.226357453836409,0.26348610112443716,Low Risk
2018,Arizona,21,25000.0,0.1695929147772462,9.959072461007478,0.6178566821534504,High Risk
2018,Florida,36,48000.0,0.15309784435759996,9.164235773222595,0.4895322796565804,Medium Risk
2019,Florida,85,14401.0,0.14980312805118373,8.586223456073048,0.17333276197547676,Low Risk
2018,Georgia,54,67010.0,0.14414912613868625,8.959831020330972,0.39314223658551767,Medium Risk
2019,California,30,30000.0,0.11999340498200187,7.037489720218427,0.5116440744164104,Medium Risk
2019,South Dakota,20,10000.0,0.1532001540034009,9.12429341445576,0.6411977161945743,High Risk
2018,Mississippi,63,68801.0,0.1263212953066887,7.589306479158202,0.3253139622380269,Medium Risk
2019,South Carolina,33,175230.0,0.13312258835001364,8.916403390103422,0.7111183461701035,High Risk
2018,Kansas,75,9849.0,0.16747813658580032,10.305371003744845,0.2949076183427044,Low Risk
2018,Hawaii,74,37859.0,0.13724047182601398,7.7388413842861565,0.17847196602494847,Low Risk
2019,Alabama,54,0.0,0.1344076276588001,8.770671518336524,0.46432670244982194,Medium Risk
2018,Virginia,72,25200.0,0.15212740701348712,10.6998046941087,0.45734993361350296,Medium Risk
2019,North Dakota,29,186.0,0.1799477948730248,10.711337734194975,0.6817086896885662,High Risk
2019,Oregon,49,33245.0,0.15589035312970106,9.82154468351208,0.46539884542448734,Medium Risk
2019,Mississippi,19,0.0,0.12230916009140762,7.464005722412704,0.6089621803807004,High Risk
2019,Idaho,37,29600.0,0.16186795304951973,10.05996599072574,0.48356146400423916,Medium Risk
2018,Arkansas,19,22500.0,0.1467314255798379,9.541829972800207,0.6950229733456782,High Risk
2018,North Carolina,33,3.0,0.15096919180810042,9.756879190128968,0.6642864272091656,High Risk
2018,Ohio,46,73000.0,0.14387057975729117,8.822921959110566,0.3832140576665282,Medium Risk
2019,Texas,34,0.0,0.14994069335324955,9.06745633206213,0.6010593432002327,High Risk
2019,Louisiana,46,46002.0,0.1253982765595869,7.4070489264179065,0.30342145788361363,Medium Risk
2019,Michigan,69,23326.0,0.1289923303455059,8.077767777779496,0.2639505866575511,Low Risk
2019,South Dakota,24,500.0,0.1532001540034009,9.12429341445576,0.6507522518184268,High Risk
2018,Washington,43,110075.0,0.181380165585309,10.885375544734512,0.4820964474428459,Medium Risk
2018,Texas,35,60186.0,0.15321477254366406,9.039513845041624,0.4866606374989339,Medium Risk
2018,Maryland,23,0.0,0.14069830870123312,8.424592122526205,0.5955376776972741,Medium Risk
2019,Florida,46,19240.0,0.14980312805118373,8.586223456073048,0.2968444480818272,Low Risk
2019,Illinois,22,15264.0,0.1214434063500301,7.567186928797186,0.5640774977783998,Medium Risk
2018,Wisconsin,45,360021.0,0.13757481711372202,8.358395602911749,0.3225907745697247,Medium Risk
2018,Michigan,39,9492.0,0.1343616265276512,8.06506408500325,0.40344704644024065,Medium Risk
2018,Michigan,48,52005.0,0.1343616265276512,8.06506408500325,0.3222179145705654,Medium Risk
2018,Texas,28,27045.0,0.15321477254366406,9.039513845041624,0.5965891573309142,Medium Risk
2018,Alabama,61,12002.0,0.1364410501043176,8.554541327868636,0.4135812861635226,Medium Risk
2019,Virginia,24,71102.0,0.1467037488942512,10.338434197959312,0.7681587929524469,High Risk
2018,New Jersey,47,92000.0,0.10718194279273904,6.268532531830965,0.31069925389892417,Medium Risk
2019,Texas,26,0.0,0.14994069335324955,9.06745633206213,0.6374785581154297,High Risk
2019,Wisconsin,63,102603.0,0.13181902691806466,7.5927728395280045,0.25157995140118217,Low Risk
2019,South Carolina,69,28518.0,0.13312258835001364,8.916403390103422,0.3590376756012859,Medium Risk
2019,Indiana,70,70600.0,0.138391469633862,8.08064067536899,0.20634224362460182,Low Risk
2018,Georgia,45,0.0,0.14414912613868625,8.959831020330972,0.4567127636443876,Medium Risk
2018,Florida,79,58333.0,0.15309784435759996,9.164235773222595,0.2217055406102872,Low Risk
2019,Indiana,45,0.0,0.138391469633862,8.08064067536899,0.3348244516949163,Medium Risk
2018,Rhode Island,57,61041.0,0.11437391159140246,8.243053418365516,0.4482946117520439,Medium Risk
2019,Michigan,47,24996.0,0.1289923303455059,8.077767777779496,0.3834275927733601,Medium Risk
2019,North Carolina,28,26809.0,0.14823938820887886,9.566862475900844,0.6980332110489614,High Risk
2019,California,34,0.0,0.11999340498200187,7.037489720218427,0.47318750420128414,Medium Risk
2018,North Carolina,31,30001.0,0.15096919180810042,9.756879190128968,0.6923277506187184,High Risk
2019,Illinois,29,20014.0,0.1214434063500301,7.567186928797186,0.5836164337417509,Medium Risk
2018,New Mexico,35,1701.0,0.13254808337185278,7.345469172371928,0.36070092585733216,Medium Risk
2018,Wyoming,22,18506.0,0.15994268367237904,10.097249258417571,0.6909771844383326,High Risk
2018,California,38,30000.0,0.12481237004149494,7.210835108572942,0.3581838414444017,Medium Risk
2018,Arizona,18,0.0,0.1695929147772462,9.959072461007478,0.6106416788012565,High Risk
2018,Pennsylvania,85,62870.0,0.1227357746325968,7.626603264922634,0.18939292100534189,Low Risk
2019,Maryland,70,8700.0,0.12630255324685488,7.984775843618832,0.28247770094990665,Low Risk
2019,Illinois,36,13450.0,0.1214434063500301,7.567186928797186,0.5095866034840396,Medium Risk
2018,Indiana,67,42677.0,0.15099408009861864,9.583196827897439,0.3759643887322438,Medium Risk
2018,California,53,0.0,0.12481237004149494,7.210835108572942,0.3165074296426876,Medium Risk
2019,Maryland,48,163701.0,0.12630255324685488,7.984775843618832,0.3867564459479346,Medium Risk
2018,South Dakota,65,13680.0,0.14955277978952589,9.39929456966846,0.32186626018617776,Medium Risk
2019,Iowa,44,11100.0,0.13931540005478338,8.910773356193227,0.4312520508374515,Medium Risk
2018,California,62,50000.0,0.12481237004149494,7.210835108572942,0.24886230535476228,Low Risk
2018,New Mexico,85,48009.0,0.13254808337185278,7.345469172371928,0.16349910307389556,Low Risk
2019,Washington,32,44000.0,0.16923542710690564,10.299566001769573,0.6993632723582671,High Risk
2019,West Virginia,37,0.0,0.11823795452494812,7.5140860810735095,0.4533716246628312,Medium Risk
2019,Virginia,40,79402.0,0.1467037488942512,10.338434197959312,0.6252921489655998,High Risk
2018,Florida,67,31674.0,0.15309784435759996,9.164235773222595,0.3074236437393727,Medium Risk
2019,Louisiana,40,10000.0,0.1253982765595869,7.4070489264179065,0.350383315471555,Medium Risk
2018,Idaho,62,28000.0,0.17064590063386437,10.565848666670341,0.441379438401265,Medium Risk
2019,Hawaii,74,159507.0,0.12946917245541475,7.2508908751030345,0.14509207442551203,Low Risk
2018,Maryland,61,80075.0,0.14069830870123312,8.424592122526205,0.33832654332246637,Medium Risk
2018,Delaware,40,35002.0,0.10977293824379153,6.786915886889976,0.39811964768025093,Medium Risk
2018,Vermont,64,29112.0,0.1278855232828412,8.067773431901623,0.37513600316530954,Medium Risk
2018,California,30,0.0,0.12481237004149494,7.210835108572942,0.5120507352642911,Medium Risk
2018,Delaware,47,40008.0,0.10977293824379153,6.786915886889976,0.3208083997576549,Medium Risk
2019,New Jersey,85,0.0,0.10269627893306302,6.051750300482708,0.14807399548661607,Low Risk
2018,California,33,124120.0,0.12481237004149494,7.210835108572942,0.5252871007342346,Medium Risk
2018,Michigan,31,65000.0,0.1343616265276512,8.06506408500325,0.5730939856648408,Medium Risk
2018,New Mexico,64,42008.0,0.13254808337185278,7.345469172371928,0.2280212452644264,Low Risk
2018,New York,46,100100.0,0.10360406967432093,6.064826107469105,0.30501741466612287,Medium Risk
2018,South Dakota,38,35000.0,0.14955277978952589,9.39929456966846,0.47573105084668393,Medium Risk
2018,New York,63,61730.0,0.10360406967432093,6.064826107469105,0.29914984056566185,Low Risk
2018,Texas,74,65532.0,0.15321477254366406,9.039513845041624,0.28658475654058674,Low Risk
2018,California,68,18059.0,0.12481237004149494,7.210835108572942,0.20181013528275576,Low Risk
2018,Oregon,30,32007.0,0.17195881482080816,10.383655026754692,0.6361940731710486,High Risk
2018,Idaho,72,14248.0,0.17064590063386437,10.565848666670341,0.31342110263169876,Medium Risk
2019,Arkansas,33,81010.0,0.14372774797645008,8.124553710123143,0.5418281904631584,Medium Risk
2018,California,40,62485.0,0.12481237004149494,7.210835108572942,0.3521342381434316,Medium Risk
2019,New Jersey,57,23006.0,0.10269627893306302,6.051750300482708,0.2731442965196273,Low Risk
2019,California,73,30000.0,0.11999340498200187,7.037489720218427,0.1949898556333386,Low Risk
2018,North Carolina,44,85232.0,0.15096919180810042,9.756879190128968,0.5376688018223289,Medium Risk
2018,California,28,70000.0,0.12481237004149494,7.210835108572942,0.567050534950086,Medium Risk
2019,Connecticut,85,9659.0,0.12039458820051949,7.891387164036669,0.22859023871440345,Low Risk
2019,Wisconsin,23,50000.0,0.13181902691806466,7.5927728395280045,0.5143050101593537,Medium Risk
2018,Alabama,41,50303.0,0.1364410501043176,8.554541327868636,0.5296239667020396,Medium Risk
2019,Montana,73,7800.0,0.1654105888964365,10.515618312922854,0.3807193896947449,Medium Risk
2019,Michigan,59,40235.0,0.1289923303455059,8.077767777779496,0.3103595059887567,Medium Risk
2018,Missouri,54,40000.0,0.14728893862641496,8.821323388197204,0.3101005906689497,Medium Risk
2019,Missouri,37,60000.0,0.14320846658408154,9.358547596495988,0.5235341128043189,Medium Risk
2018,Arkansas,85,13967.0,0.1467314255798379,9.541829972800207,0.28580941082969497,Low Risk
2018,Georgia,26,6750.0,0.14414912613868625,8.959831020330972,0.654993678409794,High Risk
2019,Georgia,19,9500.0,0.13953617056616655,9.022109407280606,0.6852489334512676,High Risk
2018,California,30,30005.0,0.12481237004149494,7.210835108572942,0.5251925114505724,Medium Risk
2018,Florida,20,1600.0,0.15309784435759996,9.164235773222595,0.6287751197319368,High Risk
2019,Alabama,34,0.0,0.1344076276588001,8.770671518336524,0.6408880028594147,High Risk
2019,Oregon,44,40010.0,0.15589035312970106,9.82154468351208,0.49199917081896855,Medium Risk
2019,Wyoming,70,23867.0,0.17412949218340887,11.757422476469022,0.46357631097358976,Medium Risk
2018,Tennessee,43,35002.0,0.14742767598554654,8.726114937251483,0.39983489617649826,Medium Risk
2018,California,22,0.0,0.12481237004149494,7.210835108572942,0.532480096996668,Medium Risk
2018,North Carolina,42,51010.0,0.15096919180810042,9.756879190128968,0.5913132020918281,Medium Risk
2018,North Dakota,41,4500.0,0.16889540892875005,11.267111504072677,0.6165920792569465,High Risk
2019,North Carolina,28,63000.0,0.14823938820887886,9.566862475900844,0.7380939279918092,High Risk
2019,New Mexico,72,47888.0,0.12403864145352976,7.693024249283769,0.28445954788725386,Low Risk
2019,Oklahoma,26,7.0,0.15983382720055855,9.097089817611476,0.6153912426892999,High Risk
2019,Utah,30,60300.0,0.1582643444139373,9.434129768225382,0.6407666398738701,High Risk
2018,Montana,74,17039.0,0.15231940457729304,9.327408703734669,0.2549916547203408,Low Risk
2018,Texas,44,80004.0,0.15321477254366406,9.039513845041624,0.42691612742110147,Medium Risk
2018,Pennsylvania,67,61299.0,0.1227357746325968,7.626603264922634,0.26870921603643094,Low Risk
2019,Montana,24,0.0,0.1654105888964365,10.515618312922854,0.6821986659112373,High Risk
2019,Illinois,32,45000.0,0.1214434063500301,7.567186928797186,0.5920670321953757,Medium Risk
2019,Washington,26,58800.0,0.16923542710690564,10.299566001769573,0.6627563368524796,High Risk
2018,Pennsylvania,70,83053.0,0.1227357746325968,7.626603264922634,0.2862733166117824,Low Risk
2019,New Hampshire,18,3221.0,0.13047242723983543,8.352889654674698,0.6573385498181591,High Risk
2019,New Jersey,45,1501.0,0.10269627893306302,6.051750300482708,0.28921911143575413,Low Risk
2018,Minnesota,30,8400.0,0.1374689951636965,9.278196791289137,0.7033727204141021,High Risk
2019,California,59,35014.0,0.11999340498200187,7.037489720218427,0.28200036919220706,Low Risk
2018,Massachusetts,80,21144.0,0.12646370605955434,7.48642686947636,0.2444681370068825,Low Risk
2019,Florida,60,24000.0,0.14980312805118373,8.586223456073048,0.27407119621114684,Low Risk
2019,Illinois,21,25000.0,0.1214434063500301,7.567186928797186,0.5932242920876579,Medium Risk
2019,Texas,54,72000.0,0.14994069335324955,9.06745633206213,0.3306517322279512,Medium Risk
2019,Oregon,80,40028.0,0.15589035312970106,9.82154468351208,0.27708564716705175,Low Risk
2019,Washington,56,82720.0,0.16923542710690564,10.299566001769573,0.3831846657713352,Medium Risk
2018,Florida,67,37000.0,0.15309784435759996,9.164235773222595,0.3148522062791298,Medium Risk
2019,New Jersey,26,50060.0,0.10269627893306302,6.051750300482708,0.5678722259188137,Medium Risk
2018,California,24,19000.0,0.12481237004149494,7.210835108572942,0.5164992067098002,Medium Risk
2018,West Virginia,77,90358.0,0.1128857761393577,6.967353577899955,0.20551609460002873,Low Risk
2019,South Dakota,56,50000.0,0.1532001540034009,9.12429341445576,0.38044663134596785,Medium Risk
2018,Illinois,61,14450.0,0.12459168185011736,7.591871656573847,0.3054134996413477,Medium Risk
2019,Colorado,52,59000.0,0.17641131755008807,10.845958864203315,0.40607881970574916,Medium Risk
2019,Maryland,47,285301.0,0.12630255324685488,7.984775843618832,0.38595855449783056,Medium Risk
2019,Utah,36,4500.0,0.1582643444139373,9.434129768225382,0.4712356189690569,Medium Risk
2018,Michigan,49,32000.0,0.1343616265276512,8.06506408500325,0.33425089969963917,Medium Risk
2018,West Virginia,71,17300.0,0.1128857761393577,6.967353577899955,0.22614117631636055,Low Risk
2018,Florida,68,122.0,0.15309784435759996,9.164235773222595,0.23785172253652181,Low Risk
2019,Illinois,46,51000.0,0.1214434063500301,7.567186928797186,0.3684309337675209,Medium Risk
2019,Massachusetts,62,35000.0,0.12485197221485887,7.711566660687857,0.2989382157131371,Low Risk
2019,North Dakota,22,2385.0,0.1799477948730248,10.711337734194975,0.6184729014919991,High Risk
2019,Wyoming,67,81219.0,0.17412949218340887,11.757422476469022,0.5278176276434347,Medium Risk
2019,Virginia,72,38881.0,0.1467037488942512,10.338434197959312,0.4397696642026592,Medium Risk
2018,Hawaii,80,13559.0,0.13724047182601398,7.7388413842861565,0.1657573662440754,Low Risk
2019,Pennsylvania,50,0.0,0.12454297450443934,8.069569336366364,0.4774307790645196,Medium Risk
2019,Wyoming,77,5400.0,0.17412949218340887,11.757422476469022,0.4039177911116485,Medium Risk
2018,Wisconsin,55,16860.0,0.13757481711372202,8.358395602911749,0.3672696568680403,Medium Risk
2019,Kentucky,34,2.0,0.14227599065658988,9.055889928309721,0.6563922865618842,High Risk
2019,Illinois,21,16223.0,0.1214434063500301,7.567186928797186,0.617530470479564,High Risk
2019,California,39,60000.0,0.11999340498200187,7.037489720218427,0.3280982011485799,Medium Risk
2019,Idaho,28,50000.0,0.16186795304951973,10.05996599072574,0.7228586787456813,High Risk
2018,South Dakota,58,92005.0,0.14955277978952589,9.39929456966846,0.37876837646306966,Medium Risk
2019,Missouri,72,39579.0,0.14320846658408154,9.358547596495988,0.29674203968909557,Low Risk
2019,Georgia,50,2501.0,0.13953617056616655,9.022109407280606,0.40504924505177103,Medium Risk
2018,Arkansas,58,0.0,0.1467314255798379,9.541829972800207,0.4270897102360904,Medium Risk
2018,California,57,730002.0,0.12481237004149494,7.210835108572942,0.12989132367704037,Low Risk
2019,California,51,75000.0,0.11999340498200187,7.037489720218427,0.2653314709186077,Low Risk
2019,North Carolina,46,102276.0,0.14823938820887886,9.566862475900844,0.48342123045184204,Medium Risk
2019,Arkansas,33,96571.0,0.14372774797645008,8.124553710123143,0.5692158539331169,Medium Risk
2018,Louisiana,43,50008.0,0.12366412843919106,7.76410114109847,0.3822514375331165,Medium Risk
2018,Nevada,30,26000.0,0.16924216007864806,10.323360118991625,0.6418300330879815,High Risk
2018,Pennsylvania,26,42006.0,0.1227357746325968,7.626603264922634,0.5970011263801052,Medium Risk
2018,Kentucky,42,21001.0,0.15188435762769684,9.740428478299664,0.5711375781419937,Medium Risk
2018,West Virginia,48,98308.0,0.1128857761393577,6.967353577899955,0.31740666970164144,Medium Risk
2019,Wyoming,67,17162.0,0.17412949218340887,11.757422476469022,0.47169552276489496,Medium Risk
2018,Wisconsin,27,31489.0,0.13757481711372202,8.358395602911749,0.6099391927150363,High Risk
2018,Montana,23,27000.0,0.15231940457729304,9.327408703734669,0.6346578999376299,High Risk
2019,North Dakota,34,68506.0,0.1799477948730248,10.711337734194975,0.5986511885890391,Medium Risk
2018,California,54,25000.0,0.12481237004149494,7.210835108572942,0.2767080912318664,Low Risk
2018,Colorado,25,42001.0,0.17862414697314713,11.867097103001274,0.7757635858005033,High Risk
2019,South Carolina,58,100000.0,0.13312258835001364,8.916403390103422,0.4267400315815629,Medium Risk
2019,Maine,72,10660.0,0.12698324492211202,7.788011166968911,0.23047315377152003,Low Risk
2019,Illinois,53,26014.0,0.1214434063500301,7.567186928797186,0.33553423087666195,Medium Risk
2019,Florida,24,24000.0,0.14980312805118373,8.586223456073048,0.5013635276728009,Medium Risk
2019,Alaska,24,0.0,0.15608194852803703,9.28034903102316,0.5873791104998987,Medium Risk
2019,Wisconsin,40,116057.0,0.13181902691806466,7.5927728395280045,0.41067161464577134,Medium Risk
2018,Tennessee,35,969.0,0.14742767598554654,8.726114937251483,0.4419186464087731,Medium Risk
2019,California,27,45000.0,0.11999340498200187,7.037489720218427,0.5444468206507336,Medium Risk
2018,Arizona,22,10000.0,0.1695929147772462,9.959072461007478,0.6091050450575543,High Risk
2019,Mississippi,18,0.0,0.12230916009140762,7.464005722412704,0.5993375318253428,Medium Risk
2019,Delaware,42,163000.0,0.12586221013933213,7.57605086757687,0.3907480806815096,Medium Risk
2019,Idaho,35,28000.0,0.16186795304951973,10.05996599072574,0.5024162411544197,Medium Risk
2018,California,46,13000.0,0.12481237004149494,7.210835108572942,0.2642393529203505,Low Risk
2019,California,19,6000.0,0.11999340498200187,7.037489720218427,0.5679884915255937,Medium Risk
2019,New Hampshire,44,74707.0,0.13047242723983543,8.352889654674698,0.444262818209004,Medium Risk
2018,Washington,54,8402.0,0.181380165585309,10.885375544734512,0.37189577216154845,Medium Risk
2018,Georgia,41,1560.0,0.14414912613868625,8.959831020330972,0.42095868713885104,Medium Risk
2019,Connecticut,56,87504.0,0.12039458820051949,7.891387164036669,0.43092646554140246,Medium Risk
2019,Tennessee,34,47002.0,0.14395167874979217,8.737544951134833,0.5626254554590043,Medium Risk
2019,Idaho,34,58000.0,0.16186795304951973,10.05996599072574,0.5869985473818309,Medium Risk
2018,District of Columbia,41,118679.0,0.18102819552665184,11.001913132037291,0.48850267065931463,Medium Risk
2019,Massachusetts,63,187304.0,0.12485197221485887,7.711566660687857,0.3387712334982521,Medium Risk
2019,California,71,31039.0,0.11999340498200187,7.037489720218427,0.210077338636809,Low Risk
2019,Hawaii,52,12161.0,0.12946917245541475,7.2508908751030345,0.2567140464614312,Low Risk
2019,Massachusetts,35,75007.0,0.12485197221485887,7.711566660687857,0.4797470870782438,Medium Risk
2019,New York,70,25000.0,0.10537645809036159,6.481856373616716,0.21416007609707338,Low Risk
2018,Florida,29,43000.0,0.15309784435759996,9.164235773222595,0.5763870567651515,Medium Risk
2018,Delaware,56,16801.0,0.10977293824379153,6.786915886889976,0.35732720901872816,Medium Risk
2018,Oklahoma,35,25081.0,0.17187960009065748,10.401208920195524,0.5062546289617568,Medium Risk
2018,New Jersey,80,4050.0,0.10718194279273904,6.268532531830965,0.15999654446790926,Low Risk
2019,Virginia,49,46005.0,0.1467037488942512,10.338434197959312,0.5988231008496872,Medium Risk
2019,Georgia,76,15659.0,0.13953617056616655,9.022109407280606,0.2898256944010085,Low Risk
2018,Arkansas,45,55003.0,0.1467314255798379,9.541829972800207,0.4320874512162137,Medium Risk
2019,Georgia,28,200005.0,0.13953617056616655,9.022109407280606,0.6966304568064976,High Risk
2018,Tennessee,48,25.0,0.14742767598554654,8.726114937251483,0.34372478740211126,Medium Risk
2018,Texas,48,16014.0,0.15321477254366406,9.039513845041624,0.4213545060945928,Medium Risk
2018,Hawaii,24,10040.0,0.13724047182601398,7.7388413842861565,0.4770977955256311,Medium Risk
2019,Missouri,72,65202.0,0.14320846658408154,9.358547596495988,0.3650636847710353,Medium Risk
2018,Texas,43,120000.0,0.15321477254366406,9.039513845041624,0.450179324876266,Medium Risk
2019,Alaska,31,45501.0,0.15608194852803703,9.28034903102316,0.5992508372012864,Medium Risk
2018,Vermont,42,0.0,0.1278855232828412,8.067773431901623,0.47884338666544474,Medium Risk
2018,Hawaii,28,69418.0,0.13724047182601398,7.7388413842861565,0.5421282520824579,Medium Risk
2018,Arizona,52,48000.0,0.1695929147772462,9.959072461007478,0.3286043077407256,Medium Risk
2019,Utah,66,26860.0,0.1582643444139373,9.434129768225382,0.3231597213833621,Medium Risk
2019,California,46,86560.0,0.11999340498200187,7.037489720218427,0.3689957931400297,Medium Risk
2019,South Dakota,54,46106.0,0.1532001540034009,9.12429341445576,0.3669454517790958,Medium Risk
2019,Louisiana,53,62002.0,0.1253982765595869,7.4070489264179065,0.28890097326657377,Low Risk
2019,Mississippi,66,6600.0,0.12230916009140762,7.464005722412704,0.24454568101949672,Low Risk
2018,Minnesota,47,40232.0,0.1374689951636965,9.278196791289137,0.5312225724187571,Medium Risk
2018,Florida,43,42000.0,0.15309784435759996,9.164235773222595,0.4654481132628465,Medium Risk
2018,New York,85,8052.0,0.10360406967432093,6.064826107469105,0.1456197825600335,Low Risk
2018,New York,37,7500.0,0.10360406967432093,6.064826107469105,0.36530605597908633,Medium Risk
2019,South Carolina,43,43344.0,0.13312258835001364,8.916403390103422,0.5128037677361182,Medium Risk
2018,Florida,75,47248.0,0.15309784435759996,9.164235773222595,0.2449405796190448,Low Risk
2018,Tennessee,22,1907.0,0.14742767598554654,8.726114937251483,0.5927300163287688,Medium Risk
2018,Mississippi,59,13103.0,0.1263212953066887,7.589306479158202,0.32018183717828647,Medium Risk
2018,Alabama,66,49282.0,0.1364410501043176,8.554541327868636,0.33465949089356944,Medium Risk
2019,Arizona,18,1.0,0.1613533279078746,9.736558251201473,0.6355469022964029,High Risk
2019,Mississippi,61,5.0,0.12230916009140762,7.464005722412704,0.281874109062762,Low Risk
2018,South Carolina,19,12621.0,0.14316685868498802,8.611013974549307,0.6017180194504523,High Risk
2018,Louisiana,40,0.0,0.12366412843919106,7.76410114109847,0.45264811793052323,Medium Risk
2018,District of Columbia,57,276708.0,0.18102819552665184,11.001913132037291,0.399151176796902,Medium Risk
2018,Arkansas,22,0.0,0.1467314255798379,9.541829972800207,0.6650282003798764,High Risk
2019,California,42,0.0,0.11999340498200187,7.037489720218427,0.3237215021479804,Medium Risk
2019,Arkansas,22,20010.0,0.14372774797645008,8.124553710123143,0.5212692314134407,Medium Risk
2019,Montana,85,21605.0,0.1654105888964365,10.515618312922854,0.2669930450036524,Low Risk
2018,South Carolina,69,446654.0,0.14316685868498802,8.611013974549307,0.21976698948841727,Low Risk
2018,California,22,25000.0,0.12481237004149494,7.210835108572942,0.5245890958568324,Medium Risk
2018,Minnesota,27,80020.0,0.1374689951636965,9.278196791289137,0.7566631714308996,High Risk
2019,West Virginia,85,15152.0,0.11823795452494812,7.5140860810735095,0.22326770191690176,Low Risk
2018,Maryland,45,131255.0,0.14069830870123312,8.424592122526205,0.37329495648491406,Medium Risk
2019,New Mexico,24,13681.0,0.12403864145352976,7.693024249283769,0.5977586075248827,Medium Risk
2018,New Hampshire,58,78001.0,0.12964342814649563,8.226357453836409,0.3610164027457444,Medium Risk
2019,New York,40,15000.0,0.10537645809036159,6.481856373616716,0.4363419108690916,Medium Risk
2019,Minnesota,18,0.0,0.13246670319726433,8.34641208294014,0.6457446546349945,High Risk
2018,Washington,60,157025.0,0.181380165585309,10.885375544734512,0.42052907959892305,Medium Risk
2018,Maryland,60,123006.0,0.14069830870123312,8.424592122526205,0.2994444963827816,Low Risk
2018,Texas,74,19608.0,0.15321477254366406,9.039513845041624,0.23791677443985215,Low Risk
2019,California,48,10850.0,0.11999340498200187,7.037489720218427,0.2710966862818961,Low Risk
2019,Pennsylvania,19,7565.0,0.12454297450443934,8.069569336366364,0.6725475169616659,High Risk
2019,Mississippi,62,9164.0,0.12230916009140762,7.464005722412704,0.3099963465100832,Medium Risk
2018,Oregon,18,2500.0,0.17195881482080816,10.383655026754692,0.652858736935824,High Risk
2018,Texas,42,0.0,0.15321477254366406,9.039513845041624,0.45398617595506086,Medium Risk
2018,Virginia,75,159715.0,0.15212740701348712,10.6998046941087,0.40096867986357554,Medium Risk
2019,Kentucky,52,47364.0,0.14227599065658988,9.055889928309721,0.4683740446211048,Medium Risk
2018,New York,71,32035.0,0.10360406967432093,6.064826107469105,0.16286501842102524,Low Risk
2018,Arkansas,33,20571.0,0.1467314255798379,9.541829972800207,0.7234974333319992,High Risk
2019,Nevada,54,35000.0,0.17647793972450324,10.356979288538232,0.316994463895643,Medium Risk
2019,Florida,75,9372.0,0.14980312805118373,8.586223456073048,0.17389046560090565,Low Risk
2018,Missouri,44,50162.0,0.14728893862641496,8.821323388197204,0.4432376480680672,Medium Risk
2018,Nebraska,47,35030.0,0.15939770484767107,10.450043972542284,0.49840564383815456,Medium Risk
2018,Alabama,40,35671.0,0.1364410501043176,8.554541327868636,0.44931511026128673,Medium Risk
2018,Colorado,54,150195.0,0.17862414697314713,11.867097103001274,0.5736180568081476,Medium Risk
2019,Indiana,34,74001.0,0.138391469633862,8.08064067536899,0.5999924481242558,Medium Risk
2019,Nevada,57,15564.0,0.17647793972450324,10.356979288538232,0.33172722008007927,Medium Risk
2018,Illinois,20,9602.0,0.12459168185011736,7.591871656573847,0.5842035842745913,Medium Risk
2019,North Carolina,38,55000.0,0.14823938820887886,9.566862475900844,0.5777560129597524,Medium Risk
2018,Georgia,27,25000.0,0.14414912613868625,8.959831020330972,0.6061793503642078,High Risk
2018,Mississippi,71,30000.0,0.1263212953066887,7.589306479158202,0.2889573976173819,Low Risk
2018,Wyoming,72,6000.0,0.15994268367237904,10.097249258417571,0.31077610750839463,Medium Risk
2019,California,42,601160.0,0.11999340498200187,7.037489720218427,0.27182542834904744,Low Risk
2019,Montana,68,36229.0,0.1654105888964365,10.515618312922854,0.3548754915708798,Medium Risk
2018,Vermont,31,2279.0,0.1278855232828412,8.067773431901623,0.6125658619743541,High Risk
2019,Michigan,29,139125.0,0.1289923303455059,8.077767777779496,0.6400121601199958,High Risk
2018,California,31,6000.0,0.12481237004149494,7.210835108572942,0.5277851576229047,Medium Risk
2018,Kansas,34,17800.0,0.16747813658580032,10.305371003744845,0.6196327180510852,High Risk
2018,California,64,41250.0,0.12481237004149494,7.210835108572942,0.3158293212452022,Medium Risk
2018,California,34,17320.0,0.12481237004149494,7.210835108572942,0.4865638068492693,Medium Risk
2019,Arkansas,85,100.0,0.14372774797645008,8.124553710123143,0.21761675883146023,Low Risk
2019,Florida,49,92802.0,0.14980312805118373,8.586223456073048,0.31968460425050305,Medium Risk
2019,New Hampshire,34,83505.0,0.13047242723983543,8.352889654674698,0.6478420720783055,High Risk
2018,California,65,0.0,0.12481237004149494,7.210835108572942,0.231213845433297,Low Risk
2019,Oklahoma,36,12000.0,0.15983382720055855,9.097089817611476,0.3906692663027147,Medium Risk
2018,Colorado,30,41029.0,0.17862414697314713,11.867097103001274,0.7743416147101422,High Risk
2019,Tennessee,53,24500.0,0.14395167874979217,8.737544951134833,0.3187584980758961,Medium Risk
2018,Texas,37,10800.0,0.15321477254366406,9.039513845041624,0.4176111489275949,Medium Risk
2019,Massachusetts,23,14000.0,0.12485197221485887,7.711566660687857,0.5532431005959599,Medium Risk
2018,California,61,50000.0,0.12481237004149494,7.210835108572942,0.2459030509017852,Low Risk
2019,California,51,63000.0,0.11999340498200187,7.037489720218427,0.2864705211140236,Low Risk
2018,California,68,26003.0,0.12481237004149494,7.210835108572942,0.24035865962426767,Low Risk
2018,Texas,54,35000.0,0.15321477254366406,9.039513845041624,0.3249148901812337,Medium Risk
2018,Texas,52,0.0,0.15321477254366406,9.039513845041624,0.31572719062035465,Medium Risk
2019,Arkansas,52,15000.0,0.14372774797645008,8.124553710123143,0.25733742110811647,Low Risk
2018,Oklahoma,31,0.0,0.17187960009065748,10.401208920195524,0.655212224559622,High Risk
2018,New Jersey,58,24000.0,0.10718194279273904,6.268532531830965,0.2587237317274751,Low Risk
2018,Florida,47,65832.0,0.15309784435759996,9.164235773222595,0.3523540442306253,Medium Risk
2019,New Mexico,40,23000.0,0.12403864145352976,7.693024249283769,0.3790489205799358,Medium Risk
2018,Arizona,28,40060.0,0.1695929147772462,9.959072461007478,0.6398487331247465,High Risk
2018,Nebraska,64,28260.0,0.15939770484767107,10.450043972542284,0.4503166724244954,Medium Risk
2019,Oregon,41,6684.0,0.15589035312970106,9.82154468351208,0.5085814877561153,Medium Risk
2019,Illinois,24,20000.0,0.1214434063500301,7.567186928797186,0.6021118165065885,High Risk
2018,Michigan,49,40111.0,0.1343616265276512,8.06506408500325,0.32113970360608385,Medium Risk
2019,Mississippi,74,66011.0,0.12230916009140762,7.464005722412704,0.20960087367599028,Low Risk
2019,Ohio,42,56201.0,0.1440203073077734,9.354759566846589,0.586860085475169,Medium Risk
2019,Illinois,56,155000.0,0.1214434063500301,7.567186928797186,0.36423703587651696,Medium Risk
2019,Alabama,45,55259.0,0.1344076276588001,8.770671518336524,0.4157779606175875,Medium Risk
2019,Florida,53,85000.0,0.14980312805118373,8.586223456073048,0.30579248497748374,Medium Risk
2018,Louisiana,54,36607.0,0.12366412843919106,7.76410114109847,0.3463756759803591,Medium Risk
2019,Alaska,76,13964.0,0.15608194852803703,9.28034903102316,0.23157346362454498,Low Risk
2019,South Carolina,71,5112.0,0.13312258835001364,8.916403390103422,0.38921700239578694,Medium Risk
2019,New York,46,35830.0,0.10537645809036159,6.481856373616716,0.30634501642115414,Medium Risk
2019,California,24,19000.0,0.11999340498200187,7.037489720218427,0.5235796122558376,Medium Risk
2019,Virginia,19,73000.0,0.1467037488942512,10.338434197959312,0.7703753606683382,High Risk
2019,California,19,18000.0,0.11999340498200187,7.037489720218427,0.5507495128915787,Medium Risk
2018,Texas,36,28000.0,0.15321477254366406,9.039513845041624,0.49184888619727046,Medium Risk
2019,Arkansas,70,11459.0,0.14372774797645008,8.124553710123143,0.1936754487851068,Low Risk
2019,Florida,53,0.0,0.14980312805118373,8.586223456073048,0.29935836570297164,Low Risk
2018,Kansas,65,241999.0,0.16747813658580032,10.305371003744845,0.34078651290435125,Medium Risk
2018,Maryland,45,25000.0,0.14069830870123312,8.424592122526205,0.355575096857102,Medium Risk
2018,Tennessee,68,30109.0,0.14742767598554654,8.726114937251483,0.26340342628662483,Low Risk
2019,New Jersey,25,26489.0,0.10269627893306302,6.051750300482708,0.5129164455527507,Medium Risk
2018,Tennessee,77,18320.0,0.14742767598554654,8.726114937251483,0.19261703860509088,Low Risk
2019,Connecticut,70,32000.0,0.12039458820051949,7.891387164036669,0.30620517255456897,Medium Risk
2018,Wyoming,20,5004.0,0.15994268367237904,10.097249258417571,0.7030386997779947,High Risk
2018,Alabama,27,15000.0,0.1364410501043176,8.554541327868636,0.6459757004241642,High Risk
2019,California,21,10054.0,0.11999340498200187,7.037489720218427,0.5579657065403337,Medium Risk
2018,Iowa,33,5000.0,0.14633287019612695,8.866751656886375,0.5579443653449819,Medium Risk
2019,Utah,20,15000.0,0.1582643444139373,9.434129768225382,0.6035597502795889,High Risk
2018,New York,38,13774.0,0.10360406967432093,6.064826107469105,0.3324780186556311,Medium Risk
2018,South Dakota,62,60002.0,0.14955277978952589,9.39929456966846,0.4431457882171298,Medium Risk
2018,Texas,23,2160.0,0.15321477254366406,9.039513845041624,0.5777879515430046,Medium Risk
2019,Arkansas,53,56001.0,0.14372774797645008,8.124553710123143,0.26199177699267073,Low Risk
2018,Utah,24,0.0,0.1704658882331846,10.677140565505383,0.6875038612221567,High Risk
2018,Florida,43,59677.0,0.15309784435759996,9.164235773222595,0.41677486802872465,Medium Risk
2019,Hawaii,41,33580.0,0.12946917245541475,7.2508908751030345,0.31365180868482423,Medium Risk
2019,California,53,27420.0,0.11999340498200187,7.037489720218427,0.2612287906728079,Low Risk
2019,Rhode Island,44,42961.0,0.11440678772741723,6.589904603762166,0.35390672485740565,Medium Risk
2018,California,39,29027.0,0.12481237004149494,7.210835108572942,0.3675201690175053,Medium Risk
2019,Pennsylvania,51,17000.0,0.12454297450443934,8.069569336366364,0.3912268706974969,Medium Risk
2019,Alaska,50,52005.0,0.15608194852803703,9.28034903102316,0.40004730456750776,Medium Risk
2019,Massachusetts,21,18000.0,0.12485197221485887,7.711566660687857,0.6034354783375593,High Risk
2019,Indiana,45,33305.0,0.138391469633862,8.08064067536899,0.3650700924882062,Medium Risk
2018,Alabama,41,50000.0,0.1364410501043176,8.554541327868636,0.4125326808898559,Medium Risk
2019,Minnesota,52,150001.0,0.13246670319726433,8.34641208294014,0.38276856042185925,Medium Risk
2019,Wisconsin,36,20000.0,0.13181902691806466,7.5927728395280045,0.3929444638815732,Medium Risk
2018,Colorado,25,27013.0,0.17862414697314713,11.867097103001274,0.7890640397065339,High Risk
2018,California,68,15000.0,0.12481237004149494,7.210835108572942,0.2429126831971971,Low Risk
2019,Connecticut,76,33985.0,0.12039458820051949,7.891387164036669,0.27361004177844767,Low Risk
2019,Arkansas,19,11000.0,0.14372774797645008,8.124553710123143,0.539061311359263,Medium Risk
2019,Florida,33,0.0,0.14980312805118373,8.586223456073048,0.5204303120304472,Medium Risk
2018,Texas,36,24000.0,0.15321477254366406,9.039513845041624,0.4000379166104535,Medium Risk
2018,Arkansas,67,9605.0,0.1467314255798379,9.541829972800207,0.31903147898293316,Medium Risk
2019,Georgia,25,24000.0,0.13953617056616655,9.022109407280606,0.6651358489942963,High Risk
2018,New Jersey,85,19300.0,0.10718194279273904,6.268532531830965,0.14909620134169954,Low Risk
2019,California,40,14448.0,0.11999340498200187,7.037489720218427,0.3817678723799694,Medium Risk
2019,Michigan,39,88781.0,0.1289923303455059,8.077767777779496,0.4924517243217303,Medium Risk
2019,Texas,50,8400.0,0.14994069335324955,9.06745633206213,0.35448228062568365,Medium Risk
2018,Arkansas,31,40025.0,0.1467314255798379,9.541829972800207,0.7276544439209329,High Risk
2019,Arkansas,47,50100.0,0.14372774797645008,8.124553710123143,0.27630392776304114,Low Risk
2018,California,71,7000.0,0.12481237004149494,7.210835108572942,0.20818714471637872,Low Risk
2019,Tennessee,64,38000.0,0.14395167874979217,8.737544951134833,0.2977307299049805,Low Risk
2019,New Mexico,22,2280.0,0.12403864145352976,7.693024249283769,0.5979634332869433,Medium Risk
2019,Mississippi,76,16550.0,0.12230916009140762,7.464005722412704,0.20831829155675233,Low Risk
2019,Wisconsin,52,24007.0,0.13181902691806466,7.5927728395280045,0.24093454417251137,Low Risk
2018,North Dakota,63,22000.0,0.16889540892875005,11.267111504072677,0.4992141318574338,Medium Risk
2019,California,22,1900.0,0.11999340498200187,7.037489720218427,0.5544876457928523,Medium Risk
2018,California,53,18000.0,0.12481237004149494,7.210835108572942,0.23677608972661768,Low Risk
2018,Tennessee,19,40000.0,0.14742767598554654,8.726114937251483,0.5836533147147916,Medium Risk
2018,Oregon,25,17000.0,0.17195881482080816,10.383655026754692,0.7086920319015558,High Risk
2018,California,32,43000.0,0.12481237004149494,7.210835108572942,0.5635269370518982,Medium Risk
2019,New Mexico,63,52000.0,0.12403864145352976,7.693024249283769,0.3864911497942066,Medium Risk
2019,California,54,41600.0,0.11999340498200187,7.037489720218427,0.2797900289789598,Low Risk
2019,California,43,21700.0,0.11999340498200187,7.037489720218427,0.3211886320838076,Medium Risk
2018,Ohio,76,22959.0,0.14387057975729117,8.822921959110566,0.2553120577112485,Low Risk
2018,Iowa,32,21021.0,0.14633287019612695,8.866751656886375,0.5765297500810704,Medium Risk
2018,Montana,67,45051.0,0.15231940457729304,9.327408703734669,0.3527486317667796,Medium Risk
2018,New Mexico,31,36418.0,0.13254808337185278,7.345469172371928,0.518077979721584,Medium Risk
2018,Pennsylvania,43,25000.0,0.1227357746325968,7.626603264922634,0.4025358358819755,Medium Risk
2019,Louisiana,64,16200.0,0.1253982765595869,7.4070489264179065,0.24576878007099548,Low Risk
2019,Florida,45,35000.0,0.14980312805118373,8.586223456073048,0.30440180222221525,Medium Risk
2019,Oregon,26,3600.0,0.15589035312970106,9.82154468351208,0.7213915353810839,High Risk
2019,California,38,0.0,0.11999340498200187,7.037489720218427,0.3670757936178511,Medium Risk
2018,North Dakota,70,106792.0,0.16889540892875005,11.267111504072677,0.45156808804224124,Medium Risk
2019,California,56,83350.0,0.11999340498200187,7.037489720218427,0.32636844515131525,Medium Risk
2019,Texas,68,16287.0,0.14994069335324955,9.06745633206213,0.2501649573362285,Low Risk
2018,Texas,21,15000.0,0.15321477254366406,9.039513845041624,0.5835709510949803,Medium Risk
2018,Georgia,20,0.0,0.14414912613868625,8.959831020330972,0.666298126283488,High Risk
